{"stats":{"minecraft:killed":{"minecraft:zombie":1},"minecraft:picked_up":{"minecraft:rotten_flesh":4,"biomesoplenty:goldenrod":6,"minecraft:wheat_seeds":4,"minecraft:dandelion":1,"minecraft:oak_log":6,"minecraft:yellow_bed":1,"minecraft:dirt":5,"minecraft:egg":1},"minecraft:dropped":{"minecraft:rotten_flesh":2},"minecraft:custom":{"minecraft:open_chest":4,"minecraft:time_since_rest":627,"minecraft:damage_taken":353,"minecraft:play_time":24075,"minecraft:walk_one_cm":45820,"minecraft:crouch_one_cm":24,"lootr:looted_stat":2,"minecraft:sprint_one_cm":42669,"tombstone:undead_killed":1,"minecraft:deaths":1,"minecraft:sneak_time":35,"minecraft:mob_kills":1,"minecraft:drop":1,"minecraft:jump":383,"minecraft:damage_dealt_resisted":0,"minecraft:damage_dealt":119,"minecraft:leave_game":5,"minecraft:time_since_death":5181,"minecraft:sleep_in_bed":3,"minecraft:total_world_time":24075,"minecraft:fall_one_cm":7162,"minecraft:fly_one_cm":78586},"minecraft:killed_by":{"minecraft:iron_golem":1},"minecraft:used":{"biomesoplenty:goldenrod":6,"minecraft:bread":1,"tombstone:gift":1,"minecraft:egg":1},"minecraft:mined":{"minecraft:oak_log":6,"minecraft:oak_stairs":1,"minecraft:tall_grass":1,"minecraft:fire":9,"minecraft:yellow_bed":1,"biomesoplenty:goldenrod":7}},"DataVersion":3465}