{"stats":{"minecraft:killed":{"minecraft:zombie":7},"minecraft:dropped":{"minecraft:rotten_flesh":2,"minecraft:wooden_sword":1},"minecraft:picked_up":{"minecraft:crafting_table":1,"minecraft:stick":7,"biomesoplenty:goldenrod":6,"minecraft:dandelion":1,"minecraft:oak_log":59,"minecraft:yellow_bed":1,"minecraft:dirt":6,"minecraft:wooden_sword":1,"minecraft:rotten_flesh":15,"minecraft:apple":1,"minecraft:wheat_seeds":4,"mysticalagriculture:inferium_essence":3,"reliquary:zombie_heart":1,"minecraft:iron_ingot":1,"minecraft:oak_sapling":7,"minecraft:egg":1},"minecraft:crafted":{"minecraft:wooden_sword":1,"minecraft:oak_planks":24,"minecraft:crafting_table":1,"minecraft:stick":20,"minecraft:wooden_axe":1},"minecraft:custom":{"minecraft:time_since_rest":30696,"minecraft:sprint_one_cm":67203,"lootr:looted_stat":2,"minecraft:damage_taken":606,"minecraft:walk_one_cm":64786,"minecraft:mob_kills":12,"minecraft:drop":2,"minecraft:damage_dealt":548,"minecraft:interact_with_crafting_table":3,"minecraft:fly_one_cm":115344,"minecraft:open_chest":5,"minecraft:crouch_one_cm":213,"minecraft:play_time":59565,"tombstone:undead_killed":7,"minecraft:deaths":2,"minecraft:sneak_time":200,"minecraft:damage_dealt_resisted":0,"minecraft:jump":526,"minecraft:interact_with_brewingstand":1,"minecraft:leave_game":5,"minecraft:time_since_death":31948,"minecraft:sleep_in_bed":4,"minecraft:total_world_time":59565,"minecraft:fall_one_cm":7476},"minecraft:killed_by":{"minecraft:iron_golem":1,"minecraft:zombie":1},"minecraft:used":{"minecraft:wooden_axe":51,"minecraft:bread":1,"minecraft:zombie_spawn_egg":13,"minecraft:wooden_sword":12,"minecraft:dirt":3,"biomesoplenty:goldenrod":6,"minecraft:crafting_table":1,"tombstone:gift":1,"minecraft:egg":1},"minecraft:mined":{"minecraft:fire":9,"minecraft:yellow_bed":1,"minecraft:crafting_table":1,"minecraft:grass":1,"minecraft:grass_block":1,"minecraft:oak_log":59,"minecraft:oak_stairs":1,"minecraft:tall_grass":1,"minecraft:oak_leaves":1,"biomesoplenty:goldenrod":7}},"DataVersion":3465}