{"stats":{"minecraft:killed_by":{"ars_nouveau:wilden_hunter":5,"minecraft:zombie":1,"minecraft:player":1},"minecraft:picked_up":{"alltheores:raw_aluminum_block":1,"minecraft:wheat":1,"mekanism:electrolytic_separator":4,"constructionwand:diamond_wand":3,"industrialforegoing:plant_sower":2,"exnihilomekanism:osmium_pieces":217,"exnihilosequentia:andesite_pebble":124,"exnihilosequentia:dark_oak_seeds":1,"forbidden_arcanus:mysterywood_sapling":1,"exnihilosequentia:flint_mesh":17,"minecraft:string":589,"pipez:energy_pipe":60,"thermal:barley_seeds":4,"thermal:sulfur":932,"cobblefordays:tier_1":4,"mekanism:purification_chamber":1,"thermal:tomato":1,"minecraft:bucket":2,"exnihilosequentia:oak_sieve":66,"exnihilosequentia:emerald_mesh":2,"darkutils:tome_pigpen":1,"alltheores:iron_ore_hammer":1,"minecraft:melon_slice":6,"thermal:sulfur_block":8,"minecraft:furnace":1,"pipez:improved_upgrade":1,"minecraft:stick":48,"exnihilosequentia:large_fern_seeds":1,"exnihilosequentia:iron_hammer":7,"mekanism:energy_tablet":2,"thermal:flax_seeds":1,"thermal:apatite":710,"pipez:wrench":2,"exnihilosequentia:wooden_crook":1,"minecraft:cactus":5,"minecraft:rotten_flesh":7,"minecraft:blue_dye":1,"exnihilosequentia:sugarcane_seeds":1,"thermal:radish_seeds":2,"mekanism:basic_fluid_tank":9,"minecraft:obsidian":3,"minecraft:blaze_powder":72,"minecraft:cobblestone":1714,"occultism:datura_seeds":7,"croptopia:apple_sapling":6,"exnihilosequentia:blackstone_pebble":117,"minecraft:cooked_beef":4,"minecraft:water_bucket":1,"torcherino:torcherino":7,"exnihilosequentia:string_mesh":3,"minecraft:flint":2760,"exnihilosequentia:tin_pieces":887,"exnihilosequentia:gold_pieces":405,"minecraft:lapis_lazuli":301,"minecraft:dirt":73,"mekanism:alloy_reinforced":4,"twilightforest:canopy_sapling":2,"immersiveengineering:hemp_fiber":4,"minecraft:glass":79,"exnihilosequentia:fired_crucible":1,"minecraft:bone":3,"pipez:fluid_pipe":4,"minecraft:wheat_seeds":30,"ftbquests:book":3,"projecte:philosophers_stone":6,"sophisticatedstorage:chest":1,"exnihilosequentia:grass_seeds":3,"allthecompressed:cobblestone_block_1x":195,"minecraft:mossy_stone_bricks":1,"minecraft:glowstone_dust":58,"exnihilosequentia:jungle_seeds":4,"minecraft:oak_planks":35,"exnihilosequentia:lead_pieces":679,"mekanism:metallurgic_infuser":2,"exnihilosequentia:iron_mesh":31,"exmachinis:flux_hammer":2,"allthecompressed:gravel_block_1x":716,"allthecompressed:sand_block_1x":352,"minecraft:sand":37,"thermal:onion_seeds":1,"exnihilosequentia:silkworm":153,"mekanism:basic_control_circuit":11,"minecraft:iron_hoe":1,"alltheores:raw_nickel":18,"forbidden_arcanus:ender_pearl_fragment":3,"minecraft:clay":67,"minecraft:diamond":101,"alltheores:raw_aluminum":14,"exnihilosequentia:silver_pieces":700,"minecraft:bone_meal":207,"minecraft:emerald":75,"mekanism:advanced_control_circuit":1,"industrialforegoing:latex_bucket":1,"minecraft:oak_sapling":68,"thermal:sawdust":1,"minecraft:charcoal":32,"functionalstorage:oak_1":5,"alltheores:osmium_ingot":12,"mekanism:clump_iron":4,"minecraft:crafting_table":3,"botania:white_mushroom":1,"industrialforegoing:fluid_extractor":3,"minecraft:brown_mushroom":7,"minecraft:turtle_helmet":1,"thermal:cinnabar":797,"mekanism:alloy_infused":16,"minecraft:iron_axe":2,"exnihilosequentia:dust":1130,"exnihilosequentia:potato_seeds":2,"mekanism:pressurized_reaction_chamber":4,"minecraft:white_carpet":1,"thermal:niter":949,"minecraft:poppy":7,"minecraft:raw_copper_block":3,"minecraft:chest":6,"exnihilosequentia:cactus_seeds":3,"minecraft:raw_iron":14,"mekanism:dirty_dust_iron":4,"thermal:dynamo_magmatic":2,"minecraft:copper_ingot":3,"pipez:item_pipe":35,"botania:purple_mushroom":1,"exnihilosequentia:diorite_pebble":112,"exnihilosequentia:granite_pebble":109,"minecraft:redstone":114,"exmachinis:flux_sieve":3,"exnihilosequentia:stone_pebble":575,"exnihilosequentia:diamond_mesh":3,"exnihilosequentia:nickel_pieces":711,"mekanism:crusher":1,"thermal:peanut_seeds":1,"minecraft:beetroot_seeds":13,"exnihilosequentia:bamboo_seeds":2,"ae2:certus_quartz_dust":117,"minecraft:arrow":4,"exnihilosequentia:carrot_seeds":1,"exmachinis:gold_upgrade":3,"industrialforegoing:plant_gatherer":3,"mekanism:osmium_compressor":3,"minecraft:gold_ingot":68,"exnihilosequentia:stone_barrel":2,"minecraft:white_wool":33,"exnihilosequentia:basalt_pebble":100,"ae2:fluix_dust":5,"minecraft:glow_ink_sac":16,"rftoolspower:coalgenerator":7,"minecraft:red_mushroom":4,"mekanismgenerators:gas_burning_generator":2,"croptopia:glowing_calamari":7,"ironchests:copper_chest":1,"minecraft:oak_log":82,"exnihilosequentia:iron_pieces":1082,"exnihilosequentia:acacia_seeds":1,"ironfurnaces:upgrade_iron":1,"minecraft:cobblestone_wall":2,"minecraft:gunpowder":58,"industrialforegoing:dryrubber":1,"mekanism:enrichment_chamber":7,"ae2:sky_dust":567,"pipez:basic_upgrade":3,"exnihilosequentia:aluminum_pieces":701,"minecraft:apple":34,"industrialforegoing:latex_processing_unit":1,"thermal:tomato_seeds":3,"exnihilosequentia:oak_seeds":1,"minecraft:oak_slab":2,"industrialforegoing:machine_frame_pity":2,"thermal:strawberry_seeds":2,"industrialforegoing:plastic":7,"minecraft:dandelion":16,"minecraft:gravel":287,"minecraft:lava_bucket":1,"exnihilosequentia:stone_hammer":3,"exnihilosequentia:birch_seeds":2,"thermal:green_bean_seeds":1,"exnihilosequentia:oak_barrel":6,"mekanismgenerators:wind_generator":6,"cookingforblockheads:sink":3,"minecraft:pumpkin_seeds":3,"immersiveengineering:seed":24,"minecraft:chainmail_leggings":1,"minecraft:iron_helmet":1,"mekanism:fluorite_gem":79,"minecraft:terracotta":1,"twilightforest:spiral_bricks":2,"minecraft:melon_seeds":10,"minecraft:coal":725,"exnihilosequentia:copper_pieces":579,"minecraft:ender_pearl":1},"minecraft:broken":{"minecraft:wooden_shovel":1,"exnihilosequentia:wooden_crook":2,"minecraft:stone_axe":1,"exnihilosequentia:iron_hammer":3},"minecraft:custom":{"minecraft:interact_with_crafting_table":166,"minecraft:leave_game":19,"minecraft:time_since_death":73598,"minecraft:sprint_one_cm":642253,"minecraft:drop":787,"minecraft:talked_to_villager":7,"minecraft:play_time":714483,"minecraft:deaths":14,"minecraft:jump":3986,"minecraft:walk_on_water_one_cm":19716,"minecraft:interact_with_furnace":219,"minecraft:traded_with_villager":2,"minecraft:sleep_in_bed":7,"minecraft:damage_dealt":1324,"minecraft:player_kills":1,"minecraft:crouch_one_cm":80622,"minecraft:horse_one_cm":2768,"minecraft:mob_kills":5,"minecraft:inspect_hopper":10,"minecraft:climb_one_cm":116,"minecraft:walk_one_cm":1306330,"minecraft:sneak_time":28179,"minecraft:walk_under_water_one_cm":39634,"minecraft:total_world_time":718172,"minecraft:time_since_rest":73628,"minecraft:damage_taken":5406,"minecraft:use_wand":789,"minecraft:swim_one_cm":295,"minecraft:fly_one_cm":700803,"minecraft:open_chest":815,"minecraft:fall_one_cm":70853},"minecraft:crafted":{"minecraft:brick":3,"minecraft:oak_planks":372,"ironchests:copper_chest":1,"forbidden_arcanus:mysterywood_sapling":1,"alltheores:iron_ore_hammer":1,"minecraft:sand":72,"ironfurnaces:iron_furnace":1,"minecraft:stone":28,"exnihilosequentia:unfired_crucible":10,"pipez:fluid_pipe":16,"minecraft:iron_bars":16,"exnihilosequentia:stone_barrel":3,"minecraft:green_dye":3,"minecraft:glass":41,"minecraft:hopper":3,"thermal:sulfur_block":8,"thermal:dynamo_magmatic":1,"minecraft:raw_copper":77,"exnihilosequentia:diamond_mesh":2,"darkutils:tome_pigpen":1,"alltheores:iron_gear":2,"minecraft:cyan_terracotta":24,"minecraft:chest":20,"industrialforegoing:plant_sower":1,"alltheores:raw_lead":16,"alltheores:invar_gear":1,"alltheores:gold_gear":4,"minecraft:flower_pot":1,"minecraft:raw_iron_block":8,"minecraft:oak_slab":18,"minecraft:wooden_shovel":1,"minecraft:diamond_axe":1,"minecraft:crafting_table":2,"minecraft:gravel":6060,"alltheores:raw_tin":19,"projecte:philosophers_stone":3,"exnihilosequentia:fired_crucible":10,"minecraft:red_wool":1,"minecraft:clock":4,"minecraft:copper_ingot":45,"industrialforegoing:dissolution_chamber":1,"minecraft:campfire":1,"cobblefordays:tier_1":1,"farmersdelight:cutting_board":1,"industrialforegoing:fluid_extractor":1,"minecraft:charcoal":320,"minecraft:light_weighted_pressure_plate":1,"minecraft:stick":76,"minecraft:stone_slab":6,"minecraft:iron_ingot":483,"minecraft:iron_block":6,"minecraft:gold_ingot":83,"farmingforblockheads:market":1,"minecraft:redstone_torch":5,"exmachinis:flux_sieve":1,"croptopia:apple_sapling":5,"minecraft:raw_iron":227,"minecraft:redstone":45,"minecraft:stone_shovel":1,"minecraft:coal":16,"sophisticatedstorage:basic_tier_upgrade":2,"minecraft:iron_nugget":27,"exnihilosequentia:porcelain_clay":71,"minecraft:furnace":1,"exmachinis:gold_upgrade":3,"alltheores:invar_dust":21,"minecraft:piston":3,"industrialforegoing:dryrubber":35,"exnihilosequentia:emerald_mesh":1,"exnihilosequentia:oak_sieve":17,"minecraft:white_carpet":48,"minecraft:raw_copper_block":3,"minecraft:glass_pane":32,"exnihilosequentia:iron_mesh":15,"industrialforegoing:plant_gatherer":2,"minecraft:terracotta":35,"exnihilosequentia:flint_mesh":22,"minecraft:iron_axe":3,"minecraft:iron_hoe":3,"minecraft:ender_pearl":2,"minecraft:cobblestone_wall":318,"minecraft:redstone_block":6,"minecraft:clay_ball":136,"alltheores:steel_ingot":4,"exnihilosequentia:iron_hammer":3,"industrialforegoing:diamond_gear":1,"exnihilosequentia:wooden_crook":2,"functionalstorage:oak_1":1,"alltheores:nickel_dust":7,"minecraft:red_dye":1,"constructionwand:diamond_wand":1,"alltheores:raw_aluminum_block":1,"torcherino:torcherino":1,"minecraft:cyan_dye":11,"elevatorid:elevator_white":2,"biggerreactors:graphite_ingot":2,"exnihilosequentia:oak_barrel":2,"alltheores:nickel_ingot":10,"alltheores:invar_ingot":21,"alltheores:raw_nickel":16,"allthecompressed:cobblestone_block_1x":806,"industrialforegoing:machine_frame_pity":6,"sophisticatedstorage:basic_to_iron_tier_upgrade":1,"minecraft:bucket":34,"minecraft:stone_axe":1,"minecraft:bread":64,"minecraft:air":0,"minecraft:white_wool":52,"exnihilosequentia:diamond_hammer":2,"minecraft:cobblestone":586,"minecraft:raw_gold":143,"allthecompressed:cobblestone_block_2x":7,"industrialforegoing:latex_processing_unit":1,"alltheores:iron_dust":14,"minecraft:white_bed":2,"exmachinis:flux_hammer":1,"allthecompressed:sand_block_1x":2,"minecraft:torch":12,"cookingforblockheads:sink":2,"alltheores:raw_aluminum":14,"thermal:rf_coil":1,"industrialforegoing:plastic":35,"exnihilosequentia:string_mesh":15},"minecraft:dropped":{"mekanism:electrolytic_separator":2,"industrialforegoing:plastic":2,"industrialforegoing:plant_sower":1,"minecraft:clay":1,"exnihilosequentia:granite_pebble":5,"occultism:datura_seeds":3,"minecraft:lapis_lazuli":39,"minecraft:cooked_beef":17,"minecraft:oak_log":36,"alltheores:raw_nickel":12,"minecraft:glow_ink_sac":16,"exnihilosequentia:diorite_pebble":2,"minecraft:diamond":90,"exnihilosequentia:jungle_seeds":2,"thermal:dynamo_magmatic":1,"exnihilosequentia:iron_hammer":7,"mekanism:basic_control_circuit":13,"minecraft:emerald":1,"minecraft:flint":610,"alltheores:osmium_ingot":19,"minecraft:dirt":1,"exmachinis:flux_sieve":1,"constructionwand:diamond_wand":3,"minecraft:raw_copper_block":9,"mekanism:purification_chamber":1,"alltheores:raw_aluminum_block":1,"industrialforegoing:latex_processing_unit":1,"exnihilosequentia:wooden_hammer":1,"mekanism:clump_iron":8,"minecraft:bone_meal":70,"projecte:philosophers_stone":8,"minecraft:sand":2,"thermal:peanut_seeds":1,"industrialforegoing:dryrubber":1,"exnihilosequentia:stone_hammer":3,"exnihilosequentia:tin_pieces":546,"ftbquests:book":3,"ironchests:copper_chest":1,"minecraft:gold_ingot":56,"minecraft:gravel":435,"industrialforegoing:machine_frame_pity":2,"minecraft:stone_axe":1,"mekanismgenerators:gas_burning_generator":2,"exnihilosequentia:nickel_pieces":386,"exnihilosequentia:copper_pieces":27,"minecraft:obsidian":2,"ae2:fluix_dust":3,"thermal:sawdust":1,"minecraft:oak_planks":44,"exnihilosequentia:silkworm":50,"minecraft:glowstone_dust":23,"minecraft:blaze_powder":39,"thermal:strawberry_seeds":2,"thermal:sulfur_block":8,"ae2:sky_dust":740,"mekanism:alloy_infused":34,"mekanism:bio_fuel":4,"croptopia:apple_sapling":10,"minecraft:poppy":1,"minecraft:gunpowder":2,"exnihilomekanism:osmium_pieces":101,"mekanism:energy_tablet":2,"thermal:cinnabar":296,"minecraft:chest":7,"exnihilosequentia:stone_pebble":2,"exnihilosequentia:carrot_seeds":1,"minecraft:arrow":4,"minecraft:glass":92,"pipez:improved_upgrade":2,"immersiveengineering:seed":3,"exnihilosequentia:basalt_pebble":1,"cookingforblockheads:sink":2,"mekanism:fluorite_gem":6,"minecraft:water_bucket":1,"minecraft:iron_ingot":129,"allthecompressed:gravel_block_1x":38,"minecraft:oak_slab":2,"pipez:basic_upgrade":2,"mekanism:enriched_redstone":1,"minecraft:iron_helmet":1,"minecraft:cobblestone":1974,"exnihilosequentia:iron_pieces":14,"minecraft:apple":2,"exnihilosequentia:emerald_mesh":2,"allthecompressed:cobblestone_block_1x":410,"cobblefordays:tier_1":1,"minecraft:coal":29,"exnihilosequentia:andesite_pebble":2,"thermal:barley_seeds":2,"exnihilosequentia:fired_crucible":1,"minecraft:stick":3,"exnihilosequentia:string_mesh":1,"exmachinis:flux_hammer":1,"minecraft:lava_bucket":1,"mekanism:enrichment_chamber":4,"twilightforest:spiral_bricks":2,"exnihilosequentia:aluminum_pieces":407,"alltheores:iron_ore_hammer":2,"exnihilosequentia:dust":577,"alltheores:raw_aluminum":14,"mekanism:basic_fluid_tank":3,"minecraft:iron_axe":1,"mekanism:enriched_diamond":1,"industrialforegoing:fluid_extractor":1,"thermal:radish_seeds":2,"allthecompressed:sand_block_1x":185,"minecraft:string":167,"mekanism:advanced_control_circuit":1,"minecraft:bucket":2,"thermal:sulfur":481,"minecraft:redstone":33,"mekanism:metallurgic_infuser":1,"mekanism:pressurized_reaction_chamber":3,"forbidden_arcanus:mysterywood_sapling":1,"thermal:apatite":130,"minecraft:raw_copper":5,"mekanism:crusher":1,"mekanism:osmium_compressor":3,"minecraft:raw_iron":15,"minecraft:stone_shovel":1,"exmachinis:gold_upgrade":3,"minecraft:iron_hoe":1,"mekanism:alloy_reinforced":8,"exnihilosequentia:gold_pieces":10,"exnihilosequentia:diamond_mesh":1,"functionalstorage:oak_1":1,"pipez:fluid_pipe":1,"minecraft:stone":2,"industrialforegoing:latex_bucket":1,"pipez:energy_pipe":29,"mekanism:dirty_dust_iron":4,"exnihilosequentia:lead_pieces":298,"minecraft:mossy_stone_bricks":1,"exnihilosequentia:silver_pieces":385,"minecraft:oak_sapling":4,"ae2:certus_quartz_dust":44,"darkutils:tome_pigpen":1,"torcherino:torcherino":1,"minecraft:raw_gold":7,"rftoolspower:coalgenerator":2,"pipez:wrench":1,"thermal:niter":539,"industrialforegoing:plant_gatherer":2,"alltheores:steel_ingot":4,"minecraft:terracotta":1},"minecraft:killed":{"ars_nouveau:summon_wolf":1,"ars_nouveau:wilden_hunter":2},"minecraft:used":{"immersiveengineering:seed":1,"minecraft:poppy":5,"rftoolspower:coalgenerator":5,"mekanism:basic_fluid_tank":7,"minecraft:chest":14,"minecraft:stone":5,"minecraft:obsidian":2,"minecraft:lava_bucket":4,"mekanismgenerators:wind_generator":7,"ironfurnaces:iron_furnace":1,"farmersdelight:cutting_board":1,"pipez:item_pipe":12,"minecraft:oak_sapling":14,"minecraft:furnace":3,"ironchests:copper_chest":1,"exnihilosequentia:stone_pebble":17,"minecraft:cactus":3,"occultism:datura_seeds":1,"minecraft:oak_planks":18,"industrialforegoing:fluid_extractor":3,"exnihilosequentia:diamond_hammer":81,"minecraft:diamond_axe":2,"exnihilosequentia:stone_barrel":5,"exnihilosequentia:oak_sieve":73,"minecraft:sand":9,"elevatorid:elevator_white":2,"sophisticatedstorage:basic_tier_upgrade":1,"thermal:flax_seeds":1,"minecraft:melon_slice":2,"minecraft:string":2,"minecraft:bread":1,"mekanism:metallurgic_infuser":1,"sophisticatedstorage:basic_to_iron_tier_upgrade":1,"minecraft:gravel":29,"sophisticatedstorage:chest":1,"exmachinis:flux_hammer":2,"industrialforegoing:dissolution_chamber":1,"exnihilosequentia:stone_hammer":123,"allthecompressed:cobblestone_block_1x":676,"functionalstorage:oak_1":7,"exmachinis:flux_sieve":3,"exnihilosequentia:silkworm":1,"minecraft:bone_meal":19,"cookingforblockheads:sink":4,"exnihilosequentia:wooden_hammer":16,"mekanism:enrichment_chamber":3,"minecraft:stone_shovel":3,"farmingforblockheads:market":1,"minecraft:dirt":34,"minecraft:white_carpet":39,"minecraft:hopper":1,"minecraft:cobblestone_wall":119,"industrialforegoing:plant_sower":2,"mekanism:osmium_compressor":1,"minecraft:iron_hoe":108,"minecraft:iron_axe":22,"carryon:entity_item":5,"thermal:green_bean":12,"thermal:tomato":1,"cobblefordays:tier_1":4,"exnihilosequentia:wooden_crook":264,"torcherino:torcherino":7,"exnihilosequentia:andesite_pebble":15,"constructionwand:diamond_wand":94,"mekanism:electrolytic_separator":3,"minecraft:cooked_beef":19,"mekanism:pressurized_reaction_chamber":1,"forbidden_arcanus:cherrywood_sapling":1,"pipez:fluid_pipe":14,"exnihilosequentia:fired_crucible":1,"minecraft:wheat_seeds":1,"allthecompressed:sand_block_1x":110,"minecraft:water_bucket":15,"exnihilosequentia:granite_pebble":11,"exnihilosequentia:diorite_pebble":16,"industrialforegoing:latex_processing_unit":1,"minecraft:oak_slab":1,"minecraft:crafting_table":5,"croptopia:apple_sapling":4,"minecraft:white_bed":2,"minecraft:campfire":1,"minecraft:oak_log":2,"exnihilosequentia:iron_hammer":949,"minecraft:apple":23,"exnihilosequentia:oak_barrel":7,"thermal:green_bean_seeds":1,"minecraft:stone_axe":105,"projecte:philosophers_stone":45,"minecraft:cobblestone":602,"allthecompressed:gravel_block_1x":352,"exnihilosequentia:basalt_pebble":2,"exnihilosequentia:blackstone_pebble":31,"thermal:tomato_seeds":1,"minecraft:bucket":15,"industrialforegoing:plant_gatherer":3,"pipez:energy_pipe":20,"minecraft:dandelion":17,"minecraft:chainmail_leggings":1},"minecraft:mined":{"mekanismgenerators:wind_generator":5,"minecraft:oak_sapling":2,"industrialforegoing:plant_sower":1,"mekanism:electrolytic_separator":1,"minecraft:obsidian":1,"exnihilosequentia:oak_sieve":64,"minecraft:grass_block":48,"mekanism:osmium_compressor":1,"cobblefordays:tier_1":4,"industrialforegoing:plant_gatherer":2,"minecraft:fire":13,"pipez:fluid_pipe":4,"exnihilosequentia:oak_barrel":5,"minecraft:dirt_path":1,"minecraft:tripwire":2,"minecraft:brown_mushroom":2,"pipez:energy_pipe":7,"mekanism:enrichment_chamber":3,"forbidden_arcanus:cherry_flower_vines_plant":1,"exmachinis:flux_hammer":1,"twilightforest:spiral_bricks":2,"minecraft:chest":4,"minecraft:poppy":3,"minecraft:melon":1,"minecraft:cobblestone":126,"minecraft:oak_planks":24,"minecraft:wheat":1,"minecraft:grass":98,"minecraft:oak_log":62,"minecraft:sand":8,"minecraft:dirt":30,"minecraft:oak_leaves":55,"exnihilosequentia:infested_leaves":221,"allthecompressed:cobblestone_block_1x":520,"functionalstorage:oak_1":4,"minecraft:red_mushroom":3,"botania:purple_mushroom":1,"industrialforegoing:fluid_extractor":2,"torcherino:torcherino":7,"minecraft:furnace":2,"botania:white_mushroom":1,"rftoolspower:coalgenerator":6,"mekanism:basic_fluid_tank":5,"minecraft:white_wool":9,"minecraft:dandelion":11,"croptopia:apple_sapling":1,"pipez:item_pipe":3,"exnihilosequentia:dust":3,"minecraft:crafting_table":3,"exmachinis:flux_sieve":2,"exnihilosequentia:stone_barrel":2,"exnihilosequentia:fired_crucible":1,"allthecompressed:gravel_block_1x":286,"minecraft:tall_grass":48,"allthecompressed:sand_block_1x":104,"mekanism:metallurgic_infuser":1,"minecraft:cactus":2,"mekanism:pressurized_reaction_chamber":2,"cookingforblockheads:sink":2,"minecraft:cobblestone_wall":2,"minecraft:white_carpet":1,"minecraft:gravel":31,"minecraft:mossy_stone_bricks":1}},"DataVersion":2975}