{"stats":{"minecraft:killed":{"minecraft:skeleton":21,"twilightforest:lich":2,"minecraft:magma_cube":15,"minecraft:zombie":27,"minecraft:zoglin":1,"twilightforest:death_tome":6,"twilightforest:kobold":1,"minecraft:spider":12,"minecraft:silverfish":1,"minecraft:creeper":4,"minecraft:blaze":18,"twilightforest:naga":1,"ars_nouveau:summon_wolf":14,"ars_nouveau:wilden_stalker":15,"ars_nouveau:wilden_hunter":15,"minecraft:wither_skeleton":22},"minecraft:broken":{"minecraft:wooden_shovel":1,"exnihilosequentia:wooden_crook":2,"minecraft:chainmail_leggings":1,"minecraft:shield":2,"twilightforest:ironwood_boots":1,"minecraft:golden_leggings":1,"minecraft:stone_axe":1,"twilightforest:fiery_helmet":1,"exnihilosequentia:iron_hammer":3},"minecraft:killed_by":{"minecraft:zoglin":2,"ars_nouveau:wilden_hunter":6,"minecraft:zombie":2,"ars_nouveau:summon_wolf":1,"twilightforest:naga":1,"minecraft:wither_skeleton":2,"minecraft:player":5,"minecraft:skeleton":5},"minecraft:used":{"minecraft:poppy":5,"rftoolspower:coalgenerator":6,"minecraft:chest":15,"minecraft:stone":5,"industrialforegoing:mob_slaughter_factory":3,"minecraft:soul_sand":3,"minecraft:lava_bucket":4,"twilightforest:twilight_oak_planks":7,"ironfurnaces:iron_furnace":3,"minecraft:oak_sapling":14,"minecraft:furnace":3,"mekanismgenerators:gas_burning_generator":1,"exnihilosequentia:stone_pebble":21,"ironchests:copper_chest":1,"minecraft:egg":2,"industrialforegoing:laser_drill":5,"minecraft:cactus":4,"occultism:datura_seeds":1,"exnihilosequentia:diamond_hammer":130,"exnihilosequentia:stone_barrel":9,"exnihilosequentia:oak_sieve":73,"mekanism:chemical_dissolution_chamber":1,"elevatorid:elevator_white":2,"minecraft:sand":9,"sophisticatedstorage:basic_to_iron_tier_upgrade":1,"mekanism:thermal_evaporation_controller":3,"mekanism:rotary_condensentrator":1,"sophisticatedstorage:chest":1,"sophisticatedstorage:gold_to_diamond_tier_upgrade":1,"industrialforegoing:dissolution_chamber":2,"allthecompressed:cobblestone_block_1x":676,"twilightforest:twilight_oak_log":1,"exmachinis:flux_sieve":3,"exnihilosequentia:wooden_hammer":16,"farmingforblockheads:market":1,"minecraft:torch":47,"mekanism:osmium_compressor":3,"mekanism:chemical_oxidizer":2,"minecraft:iron_axe":26,"mekanism:purification_chamber":1,"carryon:entity_item":82,"thermal:green_bean":12,"torcherino:torcherino":10,"cobblefordays:tier_1":7,"constructionwand:diamond_wand":143,"tombstone:gift":1,"torchmaster:megatorch":2,"forbidden_arcanus:cherrywood_sapling":1,"minecraft:wheat_seeds":2,"allthecompressed:sand_block_1x":110,"twilightforest:ironwood_chestplate":1,"minecraft:water_bucket":36,"exnihilosequentia:granite_pebble":12,"twilightforest:twilight_oak_sapling":1,"minecraft:crafting_table":5,"minecraft:oak_slab":1,"croptopia:apple_sapling":4,"minecraft:white_bed":2,"minecraft:campfire":1,"mekanism:thermal_evaporation_valve":10,"minecraft:oak_log":2,"minecraft:diamond_pickaxe":324,"exnihilosequentia:oak_barrel":7,"minecraft:cobblestone":1238,"allthecompressed:gravel_block_1x":352,"mekanism:thermal_evaporation_block":121,"minecraft:dandelion":17,"mekanism:resistive_heater":1,"immersiveengineering:seed":1,"mekanism:basic_fluid_tank":18,"minecraft:shield":144,"industrialforegoing:ore_laser_base":1,"minecraft:nether_bricks":8,"mekanism:chemical_injection_chamber":1,"minecraft:obsidian":17,"mekanismgenerators:wind_generator":8,"minecraft:stone_bricks":1,"carryon:tile_item":11,"farmersdelight:cutting_board":1,"pipez:item_pipe":26,"twilightforest:fiery_sword":451,"minecraft:oak_planks":19,"industrialforegoing:fluid_extractor":3,"sophisticatedstorage:diamond_to_netherite_tier_upgrade":1,"minecraft:diamond_axe":455,"sophisticatedstorage:basic_tier_upgrade":1,"thermal:flax_seeds":1,"sophisticatedstorage:iron_to_gold_tier_upgrade":1,"sophisticatedbackpacks:backpack":1,"mekanism:crusher":1,"minecraft:melon_slice":12,"minecraft:string":2,"minecraft:bread":152,"mekanism:metallurgic_infuser":3,"minecraft:gravel":29,"exmachinis:flux_hammer":2,"tombstone:familiar_stone":3,"exnihilosequentia:stone_hammer":123,"functionalstorage:oak_1":7,"exnihilosequentia:silkworm":1,"minecraft:coarse_dirt":1,"twilightforest:twilight_oak_chest":1,"minecraft:bone_meal":19,"cookingforblockheads:sink":7,"minecraft:flint_and_steel":1,"mekanism:enrichment_chamber":4,"sophisticatedbackpacks:iron_backpack":1,"minecraft:stone_shovel":3,"minecraft:dirt":48,"minecraft:white_carpet":47,"minecraft:hopper":1,"minecraft:cobblestone_wall":182,"industrialforegoing:plant_sower":2,"spirit:broken_spawner":1,"minecraft:iron_hoe":171,"thermal:tomato":1,"exnihilosequentia:andesite_pebble":16,"exnihilosequentia:wooden_crook":264,"mekanism:electrolytic_separator":10,"minecraft:cooked_beef":19,"mekanism:pressurized_reaction_chamber":4,"pipez:fluid_pipe":27,"exnihilosequentia:fired_crucible":2,"minecraft:cobblestone_stairs":15,"minecraft:baked_potato":3,"exnihilosequentia:diorite_pebble":16,"minecraft:brown_mushroom":1,"mekanism:chemical_infuser":5,"industrialforegoing:latex_processing_unit":1,"twilightforest:canopy_log":2,"minecraft:painting":10,"exnihilosequentia:iron_hammer":949,"minecraft:apple":23,"industrialforegoing:pink_slime_bucket":3,"thermal:green_bean_seeds":1,"minecraft:stone_axe":105,"mekanism:elite_thermodynamic_conductor":1,"pipez:gas_pipe":3,"projecte:philosophers_stone":65,"exnihilosequentia:basalt_pebble":3,"exnihilosequentia:blackstone_pebble":32,"thermal:tomato_seeds":1,"minecraft:bucket":38,"industrialforegoing:plant_gatherer":3,"pipez:energy_pipe":35,"minecraft:chainmail_leggings":1},"minecraft:mined":{"mekanismgenerators:wind_generator":6,"minecraft:obsidian":42,"exnihilosequentia:oak_sieve":64,"twilightforest:twilight_oak_chest":1,"minecraft:hopper":1,"minecraft:nether_wart":17,"minecraft:spawner":6,"industrialforegoing:plant_gatherer":2,"minecraft:fire":15,"pipez:fluid_pipe":9,"minecraft:dirt_path":1,"minecraft:tripwire":2,"minecraft:brown_mushroom":3,"pipez:energy_pipe":13,"mekanism:enrichment_chamber":4,"forbidden_arcanus:cherry_flower_vines_plant":1,"exmachinis:flux_hammer":1,"ironfurnaces:iron_furnace":2,"minecraft:torch":1,"twilightforest:spiral_bricks":2,"minecraft:melon":3,"minecraft:dead_bush":3,"minecraft:glass":18,"minecraft:wheat":7,"twilightforest:twilight_oak_planks":39,"minecraft:grass":103,"industrialforegoing:mob_slaughter_factory":2,"minecraft:red_mushroom_block":28,"botania:magenta_mushroom":1,"functionalstorage:oak_1":4,"minecraft:nether_bricks":18,"minecraft:allium":1,"minecraft:red_mushroom":3,"industrialforegoing:fluid_extractor":2,"twilightforest:twilight_oak_leaves":57,"ae2:quartz_ore":30,"minecraft:white_wool":9,"minecraft:soul_sand":5,"croptopia:apple_sapling":1,"minecraft:dandelion":11,"exmachinis:flux_sieve":2,"minecraft:campfire":1,"exnihilosequentia:fired_crucible":3,"minecraft:tall_grass":58,"mekanism:pressurized_reaction_chamber":4,"minecraft:coarse_dirt":3,"minecraft:cobblestone_wall":15,"minecraft:white_carpet":1,"minecraft:gravel":31,"minecraft:cobweb":7,"minecraft:stone_bricks":5,"minecraft:gold_ore":5,"minecraft:oak_sapling":2,"mekanism:electrolytic_separator":8,"industrialforegoing:plant_sower":1,"mekanism:chemical_infuser":3,"minecraft:grass_block":67,"pipez:gas_pipe":1,"mekanism:osmium_compressor":2,"cobblefordays:tier_1":7,"minecraft:glowstone":2,"minecraft:iron_ore":17,"exnihilosequentia:oak_barrel":5,"mekanism:thermal_evaporation_valve":5,"industrialforegoing:laser_drill":1,"minecraft:poppy":4,"forbidden_arcanus:cherry_flower_vines":2,"minecraft:chest":4,"twilightforest:twilight_oak_log":76,"minecraft:mushroom_stem":10,"minecraft:cobblestone":140,"minecraft:oak_planks":32,"minecraft:oak_log":62,"mekanism:chemical_oxidizer":1,"minecraft:sand":8,"minecraft:dirt":40,"minecraft:oak_leaves":55,"exnihilosequentia:infested_leaves":221,"minecraft:red_carpet":1,"allthecompressed:cobblestone_block_1x":520,"torchmaster:megatorch":1,"torcherino:wall_torcherino":1,"minecraft:brown_mushroom_block":90,"mekanism:chemical_dissolution_chamber":1,"minecraft:large_fern":7,"botania:purple_mushroom":2,"minecraft:furnace":2,"torcherino:torcherino":9,"botania:white_mushroom":1,"mekanism:thermal_evaporation_controller":2,"rftoolspower:coalgenerator":7,"mekanism:basic_fluid_tank":13,"minecraft:nether_brick_fence":1,"minecraft:bookshelf":126,"minecraft:stone":73,"twilightforest:root_strand":3,"mekanism:thermal_evaporation_block":62,"exnihilosequentia:dust":3,"pipez:item_pipe":11,"minecraft:crafting_table":3,"exnihilosequentia:stone_barrel":6,"allthecompressed:gravel_block_1x":286,"allthecompressed:sand_block_1x":104,"mekanism:metallurgic_infuser":2,"minecraft:cactus":9,"cookingforblockheads:sink":5,"minecraft:coal_ore":1,"minecraft:mossy_stone_bricks":1},"minecraft:picked_up":{"alltheores:raw_aluminum_block":1,"exnihilomekanism:osmium_pieces":217,"minecraft:lead":3,"minecraft:diamond_sword":1,"minecraft:enchanted_book":1,"exnihilosequentia:andesite_pebble":125,"exnihilosequentia:dark_oak_seeds":1,"minecraft:golden_sword":1,"exnihilosequentia:flint_mesh":17,"minecraft:string":598,"thermal:barley_seeds":4,"pipez:energy_pipe":90,"industrialforegoing:pink_slime_bucket":2,"minecraft:gold_nugget":1,"exnihilosequentia:oak_sieve":66,"darkutils:tome_pigpen":1,"minecraft:melon_slice":16,"wstweaks:fragment":35,"minecraft:golden_helmet":2,"immersiveengineering:shader_bag_epic":1,"potionsmaster:bezoar":1,"minecraft:golden_chestplate":1,"thermal:apatite":710,"exnihilosequentia:wooden_crook":1,"minecraft:stone_sword":1,"minecraft:blue_dye":1,"thermal:radish_seeds":2,"twilightforest:knightmetal_leggings":1,"mekanism:basic_fluid_tank":20,"minecraft:blaze_rod":8,"croptopia:apple_sapling":6,"minecraft:feather":1,"minecraft:cooked_beef":4,"industrialforegoing:range_addon3":1,"minecraft:water_bucket":3,"torcherino:torcherino":10,"mekanism:chemical_dissolution_chamber":1,"minecraft:flint":2760,"exnihilosequentia:gold_pieces":405,"mekanism:alloy_reinforced":5,"twilightforest:canopy_sapling":2,"pipez:fluid_pipe":55,"ftbquests:book":3,"projecte:philosophers_stone":7,"sophisticatedstorage:chest":1,"allthecompressed:cobblestone_block_1x":195,"minecraft:glowstone_dust":63,"exnihilosequentia:jungle_seeds":4,"mekanism:chemical_oxidizer":1,"mekanism:chemical_infuser":5,"mekanism:metallurgic_infuser":4,"exnihilosequentia:iron_mesh":31,"patchouli:guide_book":1,"exmachinis:flux_hammer":2,"ae2:certus_quartz_crystal":4,"twilightforest:canopy_log":2,"thermal:onion_seeds":2,"mekanism:dirty_netherite_scrap":3,"exnihilosequentia:silkworm":153,"ars_nouveau:wilden_horn":1,"minecraft:bundle":1,"minecraft:iron_hoe":2,"minecraft:polished_andesite":1,"twilightforest:charm_of_keeping_1":2,"minecraft:writable_book":1,"exnihilosequentia:silver_pieces":700,"minecraft:bread":133,"industrialforegoing:latex_bucket":1,"thermal:sawdust":1,"twilightforest:ironwood_helmet":1,"minecraft:diamond_pickaxe":2,"minecraft:crafting_table":3,"alltheores:osmium_ingot":13,"minecraft:coarse_dirt":1,"mekanism:thermal_evaporation_controller":3,"minecraft:nether_wart":20,"twilightforest:ironwood_axe":1,"mekanism:alloy_infused":49,"twilightforest:fiery_sword":1,"mekanism:pressurized_reaction_chamber":6,"minecraft:white_carpet":1,"industrialforegoing:mob_slaughter_factory":2,"minecraft:glass_pane":21,"twilightforest:naga_scale":6,"thermal:niter":949,"minecraft:poppy":8,"minecraft:chest":6,"minecraft:raw_copper_block":3,"minecraft:egg":2,"minecraft:stone":3,"reliquary:rib_bone":1,"pipez:item_pipe":84,"botania:purple_mushroom":2,"sophisticatedbackpacks:backpack":1,"exnihilosequentia:granite_pebble":110,"minecraft:redstone":290,"exmachinis:flux_sieve":3,"exnihilosequentia:stone_pebble":581,"exnihilosequentia:diamond_mesh":4,"mekanism:crusher":2,"exnihilosequentia:carrot_seeds":1,"minecraft:beetroot_seeds":13,"minecraft:diamond_boots":1,"exmachinis:gold_upgrade":5,"industrialforegoing:plant_gatherer":3,"mekanism:osmium_compressor":4,"minecraft:gold_ingot":76,"industrialforegoing:laser_lens10":2,"exnihilosequentia:stone_barrel":8,"minecraft:mutton":1,"minecraft:white_wool":34,"exnihilosequentia:basalt_pebble":101,"ae2:fluix_dust":5,"rftoolspower:coalgenerator":8,"croptopia:glowing_calamari":7,"mekanismgenerators:gas_burning_generator":2,"minecraft:red_mushroom":13,"ars_nouveau:wilden_wing":6,"minecraft:oak_log":82,"minecraft:ancient_debris":1,"exnihilosequentia:iron_pieces":1082,"minecraft:paper":47,"industrialforegoing:dryrubber":1,"exnihilosequentia:diamond_hammer":1,"pipez:basic_upgrade":3,"minecraft:stone_bricks":10,"sophisticatedstorage:basic_tier_upgrade":1,"exnihilosequentia:aluminum_pieces":701,"minecraft:apple":41,"twilightforest:ironwood_sword":1,"minecraft:iron_ore":3,"exnihilosequentia:oak_seeds":1,"twilightforest:triple_bow":1,"thermal:strawberry_seeds":2,"industrialforegoing:plastic":44,"minecraft:gravel":294,"exnihilosequentia:stone_hammer":4,"exnihilosequentia:birch_seeds":2,"exnihilosequentia:oak_barrel":6,"minecraft:leather_helmet":1,"cookingforblockheads:sink":6,"immersiveengineering:seed":27,"minecraft:stone_axe":1,"twilightforest:raw_ironwood":4,"minecraft:diamond_axe":1,"minecraft:painting":37,"create:rose_quartz":6,"minecraft:melon_seeds":10,"twilightforest:spiral_bricks":2,"thermal:amaranth_seeds":1,"minecraft:hopper":1,"exnihilosequentia:copper_pieces":579,"minecraft:ender_pearl":5,"ars_nouveau:caster_tome":3,"minecraft:wheat":3,"constructionwand:diamond_wand":5,"mekanism:electrolytic_separator":11,"minecraft:nether_brick_fence":1,"industrialforegoing:plant_sower":2,"minecraft:nether_brick":40,"tombstone:grave_key":2,"forbidden_arcanus:mysterywood_sapling":1,"spirit:broken_spawner":6,"minecraft:smooth_stone_slab":2,"thermal:sulfur":932,"cobblefordays:tier_1":8,"thermal:tomato":1,"minecraft:bucket":8,"mekanism:purification_chamber":1,"exnihilosequentia:emerald_mesh":2,"minecraft:redstone_torch":4,"alltheores:iron_ore_hammer":1,"thermal:sulfur_block":8,"minecraft:furnace":1,"pipez:improved_upgrade":1,"minecraft:stick":68,"apotheosis:gem":2,"exnihilosequentia:large_fern_seeds":1,"minecraft:torch":15,"exnihilosequentia:iron_hammer":7,"tombstone:grave_dust":12,"mekanism:energy_tablet":2,"thermal:flax_seeds":1,"pipez:wrench":3,"industrialforegoing:machine_frame_simple":1,"minecraft:cactus":44,"minecraft:rotten_flesh":51,"exnihilosequentia:sugarcane_seeds":1,"minecraft:obsidian":81,"minecraft:blaze_powder":72,"minecraft:cobblestone":1861,"occultism:datura_seeds":7,"exnihilosequentia:blackstone_pebble":119,"minecraft:magma_cream":2,"twilightforest:twilight_oak_log":102,"minecraft:golden_leggings":1,"twilightforest:fiery_helmet":1,"exnihilosequentia:string_mesh":3,"minecraft:wither_skeleton_skull":1,"botania:magenta_mushroom":1,"exnihilosequentia:tin_pieces":887,"minecraft:lapis_lazuli":301,"minecraft:dirt":99,"constructionwand:iron_wand":4,"immersiveengineering:hemp_fiber":4,"minecraft:glass":80,"exnihilosequentia:fired_crucible":2,"minecraft:bone":43,"minecraft:bow":1,"minecraft:wheat_seeds":39,"minecraft:raw_gold":8,"industrialforegoing:laser_drill":1,"exnihilosequentia:grass_seeds":3,"minecraft:mossy_stone_bricks":2,"minecraft:oak_planks":53,"ironfurnaces:iron_furnace":2,"exnihilosequentia:lead_pieces":679,"exmachinis:diamond_upgrade":1,"tconstruct:necrotic_bone":14,"allthecompressed:sand_block_1x":353,"allthecompressed:gravel_block_1x":716,"torchmaster:megatorch":1,"minecraft:sand":37,"allthecompressed:gravel_block_2x":7,"mekanism:basic_control_circuit":11,"twilightforest:mossy_etched_nagastone":1,"alltheores:raw_nickel":18,"forbidden_arcanus:ender_pearl_fragment":3,"twilightforest:twilight_scepter":1,"minecraft:clay":67,"twilightforest:twilight_oak_sapling":15,"tombstone:familiar_stone":1,"minecraft:diamond":143,"alltheores:raw_aluminum":14,"minecraft:bone_meal":207,"minecraft:golden_apple":1,"mekanism:advanced_control_circuit":1,"twilightforest:knightmetal_helmet":1,"minecraft:emerald":121,"minecraft:oak_sapling":68,"industrialforegoing:laser_lens12":7,"reliquary:withered_rib":5,"functionalstorage:oak_1":5,"minecraft:charcoal":86,"mekanism:clump_iron":4,"minecraft:allium":1,"twilightforest:ironwood_boots":1,"botania:white_mushroom":1,"minecraft:turtle_helmet":2,"industrialforegoing:fluid_extractor":3,"minecraft:brown_mushroom":38,"thermal:cinnabar":797,"minecraft:shield":3,"minecraft:iron_axe":4,"exnihilosequentia:potato_seeds":2,"exnihilosequentia:dust":1139,"industrialforegoing:meat_bucket":1,"minecraft:player_head":1,"exnihilosequentia:cactus_seeds":3,"minecraft:raw_iron":86,"mekanism:dirty_dust_iron":4,"thermal:dynamo_magmatic":2,"twilightforest:twilight_oak_chest":1,"minecraft:copper_ingot":3,"twilightforest:knightmetal_axe":1,"exnihilosequentia:diorite_pebble":112,"mekanism:thermal_evaporation_block":122,"exnihilosequentia:nickel_pieces":711,"thermal:peanut_seeds":1,"exnihilosequentia:bamboo_seeds":2,"minecraft:arrow":33,"ae2:certus_quartz_dust":218,"twilightforest:etched_nagastone":3,"minecraft:nether_bricks":18,"forbidden_arcanus:spawner_scrap":6,"minecraft:purple_dye":1,"minecraft:glow_ink_sac":16,"minecraft:leather":2,"ironchests:copper_chest":1,"minecraft:cobblestone_wall":12,"exnihilosequentia:acacia_seeds":1,"minecraft:gunpowder":67,"ironfurnaces:upgrade_iron":1,"twilightforest:twilight_oak_planks":39,"pipez:gas_pipe":1,"mekanism:enrichment_chamber":8,"minecraft:red_carpet":1,"ae2:sky_dust":567,"industrialforegoing:latex_processing_unit":1,"minecraft:iron_ingot":21,"industrialforegoing:tinydryrubber":12,"thermal:tomato_seeds":3,"minecraft:soul_sand":4,"minecraft:book":423,"minecraft:oak_slab":2,"industrialforegoing:machine_frame_pity":2,"minecraft:quartz":8,"minecraft:dandelion":17,"mekanism:thermal_evaporation_valve":10,"mekanism:basic_chemical_tank":1,"minecraft:lava_bucket":1,"thermal:green_bean_seeds":1,"twilightforest:knightmetal_sword":1,"industrialforegoing:ore_laser_base":2,"minecraft:mossy_stone_brick_slab":1,"mekanismgenerators:wind_generator":7,"minecraft:pumpkin_seeds":3,"minecraft:chainmail_leggings":2,"minecraft:iron_helmet":1,"mekanism:fluorite_gem":79,"minecraft:terracotta":1,"tombstone:magic_scroll":2,"twilightforest:steeleaf_pickaxe":1,"minecraft:coal":731},"minecraft:custom":{"minecraft:interact_with_crafting_table":175,"minecraft:leave_game":20,"minecraft:time_since_death":39995,"minecraft:damage_blocked_by_shield":6740,"minecraft:play_time":1188874,"minecraft:deaths":37,"tombstone:tomb_raiding":1,"minecraft:jump":8186,"minecraft:interact_with_furnace":314,"minecraft:traded_with_villager":2,"minecraft:sleep_in_bed":17,"minecraft:damage_dealt":34632,"tombstone:undead_killed":73,"minecraft:horse_one_cm":40984,"minecraft:inspect_hopper":12,"minecraft:sneak_time":47608,"minecraft:total_world_time":1192563,"minecraft:time_since_rest":40030,"minecraft:use_wand":1181,"minecraft:swim_one_cm":10915,"minecraft:fly_one_cm":1808084,"minecraft:open_chest":1491,"minecraft:fall_one_cm":136225,"minecraft:animals_bred":2,"twilightforest:torchberries_harvested":1,"minecraft:sprint_one_cm":2102678,"minecraft:drop":1043,"minecraft:talked_to_villager":11,"minecraft:walk_on_water_one_cm":25713,"minecraft:player_kills":10,"minecraft:crouch_one_cm":157952,"minecraft:mob_kills":197,"minecraft:damage_dealt_resisted":795,"minecraft:climb_one_cm":2160,"minecraft:walk_one_cm":2706645,"minecraft:walk_under_water_one_cm":40943,"minecraft:damage_taken":18742},"minecraft:crafted":{"pipez:wrench":1,"ironfurnaces:iron_furnace":1,"exnihilosequentia:unfired_crucible":10,"sophisticatedstorage:stack_upgrade_tier_1":1,"sophisticatedstorage:stack_upgrade_tier_3":1,"sophisticatedstorage:gold_to_diamond_tier_upgrade":1,"minecraft:iron_bars":16,"exnihilosequentia:stone_barrel":3,"minecraft:glass":102,"alltheores:iron_gear":2,"sophisticatedstorage:stack_upgrade_tier_4":1,"industrialforegoing:plant_sower":1,"minecraft:magenta_dye":1,"minecraft:flower_pot":1,"torchmaster:megatorch":1,"minecraft:wooden_shovel":1,"minecraft:diamond_axe":1,"minecraft:gravel":6060,"alltheores:raw_tin":19,"projecte:philosophers_stone":3,"minecraft:clock":4,"exnihilosequentia:fired_crucible":10,"minecraft:copper_ingot":45,"industrialforegoing:dissolution_chamber":2,"minecraft:campfire":1,"sophisticatedstorage:compression_upgrade":1,"industrialforegoing:laser_lens12":1,"industrialforegoing:fluid_extractor":1,"minecraft:stone_slab":6,"minecraft:iron_block":8,"minecraft:gold_ingot":154,"farmingforblockheads:market":1,"minecraft:netherite_ingot":1,"minecraft:stone_shovel":1,"sophisticatedstorage:basic_tier_upgrade":2,"sophisticatedstorage:advanced_compacting_upgrade":1,"minecraft:iron_nugget":27,"exnihilosequentia:porcelain_clay":71,"exmachinis:gold_upgrade":3,"industrialforegoing:dryrubber":35,"exnihilosequentia:emerald_mesh":1,"minecraft:white_carpet":48,"exnihilosequentia:iron_mesh":15,"industrialforegoing:plant_gatherer":2,"minecraft:terracotta":35,"minecraft:diamond":106,"sophisticatedstorage:upgrade_base":3,"twilightforest:twilight_oak_planks":120,"minecraft:ender_pearl":2,"twilightforest:canopy_planks":20,"alltheores:steel_ingot":6,"minecraft:redstone_block":10,"alltheores:nickel_dust":7,"industrialforegoing:laser_drill":4,"constructionwand:diamond_wand":4,"sophisticatedstorage:diamond_to_netherite_tier_upgrade":1,"alltheores:raw_aluminum_block":1,"torcherino:torcherino":1,"alltheores:invar_ingot":21,"allthecompressed:cobblestone_block_1x":806,"exnihilosequentia:diamond_hammer":2,"minecraft:cobblestone":595,"industrialforegoing:latex_processing_unit":1,"minecraft:white_bed":2,"allthecompressed:sand_block_1x":2,"industrialforegoing:plastic":35,"exnihilosequentia:string_mesh":15,"minecraft:brick":3,"ironchests:copper_chest":1,"minecraft:oak_planks":372,"forbidden_arcanus:mysterywood_sapling":1,"alltheores:iron_ore_hammer":1,"minecraft:sand":90,"minecraft:cobblestone_stairs":44,"minecraft:stone":42,"pipez:fluid_pipe":16,"minecraft:green_dye":3,"minecraft:hopper":3,"thermal:sulfur_block":8,"thermal:dynamo_magmatic":1,"minecraft:raw_copper":77,"exnihilosequentia:diamond_mesh":2,"darkutils:tome_pigpen":1,"exmachinis:diamond_upgrade":1,"minecraft:cyan_terracotta":24,"minecraft:chest":25,"industrialforegoing:gold_gear":15,"alltheores:invar_gear":1,"alltheores:raw_lead":16,"alltheores:gold_gear":4,"minecraft:raw_iron_block":8,"minecraft:oak_slab":18,"industrialforegoing:ore_laser_base":1,"minecraft:crafting_table":2,"minecraft:red_wool":1,"minecraft:gold_block":4,"cobblefordays:tier_1":1,"farmersdelight:cutting_board":1,"minecraft:diamond_pickaxe":1,"minecraft:charcoal":320,"minecraft:purple_dye":1,"minecraft:light_weighted_pressure_plate":1,"minecraft:stick":128,"minecraft:iron_ingot":612,"minecraft:redstone_torch":9,"exmachinis:flux_sieve":1,"croptopia:apple_sapling":5,"minecraft:redstone":45,"minecraft:raw_iron":275,"minecraft:coal":16,"alltheores:invar_dust":21,"minecraft:furnace":1,"industrialforegoing:fluid_laser_base":1,"minecraft:piston":17,"minecraft:diamond_block":2,"minecraft:raw_copper_block":3,"minecraft:glass_pane":80,"exnihilosequentia:oak_sieve":17,"minecraft:flint_and_steel":1,"exnihilosequentia:flint_mesh":22,"minecraft:iron_axe":5,"minecraft:iron_hoe":3,"minecraft:cobblestone_wall":324,"minecraft:clay_ball":136,"exnihilosequentia:iron_hammer":3,"industrialforegoing:diamond_gear":12,"exnihilosequentia:wooden_crook":2,"functionalstorage:oak_1":1,"minecraft:red_dye":1,"minecraft:cyan_dye":11,"elevatorid:elevator_white":2,"biggerreactors:graphite_ingot":2,"exnihilosequentia:oak_barrel":2,"alltheores:nickel_ingot":10,"sophisticatedstorage:iron_to_gold_tier_upgrade":1,"alltheores:raw_nickel":16,"minecraft:iron_sword":2,"industrialforegoing:machine_frame_pity":14,"sophisticatedstorage:basic_to_iron_tier_upgrade":1,"sophisticatedstorage:compacting_upgrade":1,"minecraft:bucket":36,"minecraft:stone_axe":1,"minecraft:air":0,"minecraft:bread":128,"minecraft:white_wool":52,"minecraft:raw_gold":177,"allthecompressed:cobblestone_block_2x":7,"industrialforegoing:mob_slaughter_factory":1,"alltheores:iron_dust":14,"exmachinis:flux_hammer":1,"sophisticatedstorage:stack_upgrade_tier_2":1,"minecraft:torch":32,"cookingforblockheads:sink":2,"alltheores:raw_aluminum":14,"thermal:rf_coil":1},"minecraft:dropped":{"mekanism:electrolytic_separator":2,"industrialforegoing:plastic":2,"industrialforegoing:plant_sower":1,"minecraft:clay":1,"exnihilosequentia:granite_pebble":5,"occultism:datura_seeds":3,"minecraft:lapis_lazuli":39,"minecraft:cooked_beef":17,"minecraft:glow_ink_sac":16,"minecraft:diamond":175,"thermal:dynamo_magmatic":1,"exnihilosequentia:diamond_hammer":1,"mekanism:basic_control_circuit":13,"minecraft:leather_helmet":1,"minecraft:red_mushroom":9,"minecraft:red_carpet":1,"minecraft:emerald":1,"alltheores:osmium_ingot":20,"minecraft:dirt":12,"exmachinis:flux_sieve":1,"constructionwand:iron_wand":4,"minecraft:raw_copper_block":9,"alltheores:raw_aluminum_block":1,"exnihilosequentia:wooden_hammer":1,"industrialforegoing:laser_lens10":2,"mekanism:clump_iron":8,"minecraft:writable_book":1,"minecraft:bone_meal":70,"projecte:philosophers_stone":8,"minecraft:sand":2,"thermal:peanut_seeds":1,"exnihilosequentia:tin_pieces":546,"ironchests:copper_chest":1,"ars_nouveau:wilden_horn":1,"twilightforest:steeleaf_chestplate":1,"minecraft:bone":44,"industrialforegoing:machine_frame_pity":2,"minecraft:stone_axe":1,"minecraft:ancient_debris":1,"minecraft:cooked_chicken":7,"minecraft:golden_chestplate":1,"mekanismgenerators:gas_burning_generator":2,"exnihilosequentia:nickel_pieces":386,"minecraft:wheat":1,"minecraft:obsidian":44,"exnihilosequentia:copper_pieces":27,"tombstone:gift":1,"minecraft:rotten_flesh":10,"thermal:sawdust":1,"minecraft:oak_planks":54,"minecraft:glowstone_dust":28,"minecraft:blaze_powder":39,"thermal:strawberry_seeds":2,"twilightforest:knightmetal_axe":1,"thermal:sulfur_block":8,"mekanism:alloy_infused":86,"mekanism:bio_fuel":4,"mekanism:energy_tablet":2,"minecraft:charcoal":62,"minecraft:leather_leggings":1,"exnihilosequentia:stone_pebble":4,"exnihilosequentia:carrot_seeds":1,"minecraft:painting":13,"minecraft:glass":153,"pipez:improved_upgrade":2,"mekanism:fluorite_gem":6,"minecraft:iron_ingot":215,"minecraft:golden_boots":1,"twilightforest:charm_of_keeping_1":1,"minecraft:wheat_seeds":6,"pipez:basic_upgrade":2,"minecraft:iron_helmet":1,"minecraft:cobblestone":1985,"minecraft:book":52,"exmachinis:diamond_upgrade":1,"minecraft:apple":2,"minecraft:purple_dye":1,"minecraft:coal":33,"exnihilosequentia:fired_crucible":1,"minecraft:lava_bucket":1,"twilightforest:ironwood_axe":1,"tconstruct:blaze_head":1,"tconstruct:necrotic_bone":1,"exnihilosequentia:aluminum_pieces":407,"exnihilosequentia:blackstone_pebble":1,"alltheores:raw_aluminum":14,"thermal:radish_seeds":2,"minecraft:paper":47,"minecraft:string":171,"mekanism:advanced_control_circuit":7,"reliquary:rib_bone":6,"ars_nouveau:caster_tome":3,"mekanism:pressurized_reaction_chamber":3,"tombstone:familiar_stone":1,"mekanism:thermal_evaporation_block":1,"minecraft:player_head":2,"thermal:apatite":130,"minecraft:stone_sword":1,"minecraft:smooth_stone_slab":2,"mekanism:crusher":1,"minecraft:stone_shovel":1,"minecraft:clay_ball":18,"industrialforegoing:ore_laser_base":2,"exnihilosequentia:gold_pieces":11,"functionalstorage:oak_1":1,"pipez:item_pipe":35,"minecraft:stone":19,"pipez:energy_pipe":39,"minecraft:bundle":1,"industrialforegoing:laser_lens12":7,"darkutils:tome_pigpen":1,"torcherino:torcherino":1,"minecraft:stone_bricks":8,"minecraft:bow":1,"minecraft:magenta_dye":1,"mekanism:ingot_steel":3,"pipez:wrench":1,"mekanism:ingot_refined_obsidian":2,"ae2:certus_quartz_crystal":4,"alltheores:steel_ingot":4,"minecraft:terracotta":1,"minecraft:brown_mushroom":30,"minecraft:soul_sand":1,"minecraft:baked_potato":3,"alltheores:raw_nickel":12,"minecraft:oak_log":36,"exnihilosequentia:diorite_pebble":2,"minecraft:ender_pearl":4,"exnihilosequentia:jungle_seeds":2,"exnihilosequentia:iron_hammer":8,"mekanism:enriched_refined_obsidian":1,"minecraft:flint":610,"constructionwand:diamond_wand":7,"mekanism:purification_chamber":1,"industrialforegoing:latex_processing_unit":1,"twilightforest:ironwood_helmet":1,"industrialforegoing:dryrubber":1,"exnihilosequentia:stone_hammer":4,"ftbquests:book":3,"botania:magenta_mushroom":1,"minecraft:gold_ingot":64,"minecraft:gravel":441,"industrialforegoing:pink_slime_bucket":2,"spirit:broken_spawner":5,"ae2:fluix_dust":3,"exnihilosequentia:silkworm":50,"reliquary:mob_charm":1,"twilightforest:knightmetal_leggings":1,"patchouli:guide_book":1,"ae2:sky_dust":740,"minecraft:poppy":2,"croptopia:apple_sapling":10,"minecraft:turtle_helmet":1,"minecraft:gunpowder":7,"exnihilomekanism:osmium_pieces":101,"thermal:cinnabar":296,"minecraft:chest":7,"twilightforest:steeleaf_pickaxe":1,"twilightforest:triple_bow":1,"mekanism:alloy_atomic":1,"minecraft:arrow":11,"minecraft:quartz":8,"immersiveengineering:seed":6,"exnihilosequentia:basalt_pebble":1,"cookingforblockheads:sink":2,"minecraft:water_bucket":2,"minecraft:bread":70,"allthecompressed:gravel_block_1x":38,"minecraft:oak_slab":2,"mekanism:enriched_redstone":1,"minecraft:golden_helmet":3,"minecraft:lead":1,"exnihilosequentia:iron_pieces":14,"exnihilosequentia:emerald_mesh":2,"allthecompressed:cobblestone_block_1x":410,"cobblefordays:tier_1":2,"exnihilosequentia:andesite_pebble":2,"thermal:barley_seeds":2,"industrialforegoing:machine_frame_simple":1,"exnihilosequentia:string_mesh":1,"minecraft:stick":24,"exmachinis:flux_hammer":1,"mekanism:dust_refined_obsidian":1,"reliquary:withered_rib":5,"mekanism:enrichment_chamber":4,"twilightforest:spiral_bricks":2,"minecraft:torch":1,"tombstone:grave_key":2,"alltheores:iron_ore_hammer":2,"forbidden_arcanus:spawner_scrap":6,"tombstone:grave_dust":7,"exnihilosequentia:dust":586,"industrialforegoing:fluid_extractor":1,"mekanism:basic_fluid_tank":4,"minecraft:iron_axe":3,"mekanism:enriched_diamond":1,"industrialforegoing:meat_bucket":1,"minecraft:cactus":35,"allthecompressed:sand_block_1x":186,"wstweaks:fragment":4,"minecraft:bucket":5,"thermal:sulfur":481,"ars_nouveau:wilden_wing":6,"minecraft:dandelion":1,"minecraft:redstone":172,"industrialforegoing:mob_slaughter_factory":1,"mekanism:metallurgic_infuser":1,"forbidden_arcanus:mysterywood_sapling":1,"minecraft:blaze_rod":4,"minecraft:raw_copper":5,"industrialforegoing:tinydryrubber":12,"mekanism:osmium_compressor":3,"minecraft:raw_iron":87,"twilightforest:twilight_scepter":1,"exmachinis:gold_upgrade":3,"minecraft:iron_hoe":2,"mekanism:alloy_reinforced":13,"exnihilosequentia:diamond_mesh":2,"twilightforest:mossy_etched_nagastone":1,"pipez:fluid_pipe":9,"industrialforegoing:latex_bucket":1,"mekanism:dirty_dust_iron":4,"exnihilosequentia:lead_pieces":298,"minecraft:mossy_stone_bricks":2,"minecraft:oak_sapling":4,"exnihilosequentia:silver_pieces":385,"ae2:certus_quartz_dust":144,"mekanism:chemical_infuser":1,"minecraft:stone_pickaxe":1,"minecraft:raw_gold":16,"rftoolspower:coalgenerator":2,"thermal:niter":539,"twilightforest:twilight_oak_log":53,"industrialforegoing:plant_gatherer":2}},"DataVersion":2975}