{"stats":{"minecraft:killed_by":{"minecraft:creeper":1},"minecraft:used":{"minecraft:stone_pickaxe":94,"minecraft:iron_pickaxe":250,"minecraft:spruce_planks":1,"minecraft:wooden_pickaxe":27,"minecraft:iron_chestplate":1,"minecraft:stone_axe":12,"minecraft:glow_berries":1,"minecraft:dirt":1,"minecraft:cobblestone":5,"minecraft:crafting_table":8,"minecraft:furnace":3,"minecraft:cobbled_deepslate":11},"minecraft:crafted":{"minecraft:iron_chestplate":1,"minecraft:crafting_table":2,"minecraft:spruce_planks":24,"minecraft:stick":20,"minecraft:iron_pickaxe":1,"minecraft:iron_ingot":37,"minecraft:wooden_pickaxe":2,"minecraft:stone_pickaxe":2,"minecraft:iron_leggings":1,"minecraft:furnace":1,"minecraft:bucket":1,"minecraft:air":0},"minecraft:picked_up":{"minecraft:crafting_table":12,"minecraft:stick":38,"minecraft:raw_iron":53,"minecraft:andesite":12,"minecraft:wooden_pickaxe":3,"minecraft:diorite":18,"minecraft:lapis_lazuli":16,"minecraft:spruce_log":6,"minecraft:string":2,"minecraft:dirt":16,"minecraft:diamond":8,"minecraft:stone_axe":1,"minecraft:raw_gold":13,"minecraft:cobbled_deepslate":144,"minecraft:spruce_planks":5,"minecraft:granite":9,"minecraft:stone_pickaxe":3,"minecraft:glow_berries":1,"minecraft:coal":71,"minecraft:cobblestone":94,"minecraft:furnace":3},"minecraft:custom":{"minecraft:time_since_rest":34882,"minecraft:interact_with_furnace":21,"minecraft:sprint_one_cm":64529,"minecraft:damage_taken":848,"minecraft:walk_one_cm":85915,"minecraft:mob_kills":2,"minecraft:damage_dealt":466,"minecraft:swim_one_cm":4498,"minecraft:interact_with_crafting_table":11,"minecraft:fly_one_cm":63736,"minecraft:crouch_one_cm":29752,"minecraft:play_time":45893,"minecraft:deaths":2,"minecraft:sneak_time":7604,"minecraft:walk_under_water_one_cm":8685,"minecraft:jump":776,"minecraft:time_since_death":34855,"minecraft:walk_on_water_one_cm":9675,"minecraft:total_world_time":45893,"minecraft:fall_one_cm":29233},"minecraft:broken":{"minecraft:iron_pickaxe":1},"minecraft:killed":{"minecraft:zombie":1,"minecraft:spider":1},"minecraft:mined":{"minecraft:spruce_planks":1,"minecraft:furnace":3,"minecraft:deepslate_diamond_ore":8,"minecraft:iron_ore":15,"minecraft:sculk_vein":3,"minecraft:andesite":12,"minecraft:spruce_log":6,"minecraft:deepslate_lapis_ore":2,"minecraft:crafting_table":7,"minecraft:glow_lichen":1,"minecraft:granite":9,"minecraft:cave_vines":1,"minecraft:coal_ore":21,"minecraft:deepslate_iron_ore":37,"minecraft:dirt":14,"minecraft:spruce_leaves":3,"minecraft:deepslate_gold_ore":13,"minecraft:stone":86,"minecraft:sculk":6,"minecraft:diorite":18,"minecraft:deepslate":132}},"DataVersion":3955}