{"stats":{"minecraft:used":{"biomesoplenty:goldenrod":6},"minecraft:mined":{"minecraft:fire":9,"minecraft:oak_log":6,"minecraft:oak_stairs":1,"biomesoplenty:goldenrod":7},"minecraft:custom":{"minecraft:jump":140,"minecraft:open_chest":1,"minecraft:time_since_rest":3103,"minecraft:damage_taken":70,"minecraft:leave_game":3,"minecraft:play_time":14064,"lootr:looted_stat":1,"minecraft:sprint_one_cm":18699,"minecraft:time_since_death":14064,"minecraft:walk_one_cm":9087,"minecraft:sleep_in_bed":1,"minecraft:sneak_time":7,"minecraft:total_world_time":14064,"minecraft:fall_one_cm":5094,"minecraft:fly_one_cm":34653},"minecraft:picked_up":{"minecraft:oak_log":6,"biomesoplenty:goldenrod":6,"minecraft:dandelion":1}},"DataVersion":3465}