{"stats":{"minecraft:picked_up":{"alltheores:raw_aluminum_block":1,"constructionwand:diamond_wand":3,"exnihilomekanism:osmium_pieces":217,"exnihilosequentia:andesite_pebble":124,"exnihilosequentia:dark_oak_seeds":1,"forbidden_arcanus:mysterywood_sapling":1,"exnihilosequentia:flint_mesh":17,"minecraft:string":587,"pipez:energy_pipe":29,"thermal:barley_seeds":1,"thermal:sulfur":740,"cobblefordays:tier_1":4,"thermal:tomato":1,"minecraft:bucket":2,"exnihilosequentia:oak_sieve":66,"darkutils:tome_pigpen":1,"thermal:sulfur_block":8,"minecraft:furnace":1,"pipez:improved_upgrade":1,"minecraft:stick":45,"exnihilosequentia:large_fern_seeds":1,"exnihilosequentia:iron_hammer":7,"mekanism:energy_tablet":2,"thermal:flax_seeds":1,"thermal:apatite":646,"pipez:wrench":2,"exnihilosequentia:wooden_crook":1,"minecraft:cactus":5,"minecraft:rotten_flesh":3,"minecraft:blue_dye":1,"exnihilosequentia:sugarcane_seeds":1,"thermal:radish_seeds":2,"minecraft:obsidian":2,"minecraft:blaze_powder":72,"minecraft:cobblestone":1662,"occultism:datura_seeds":3,"exnihilosequentia:blackstone_pebble":116,"minecraft:cooked_beef":4,"exnihilosequentia:string_mesh":3,"minecraft:flint":2624,"exnihilosequentia:tin_pieces":631,"exnihilosequentia:gold_pieces":402,"minecraft:lapis_lazuli":301,"minecraft:dirt":57,"mekanism:alloy_reinforced":2,"pipez:fluid_pipe":1,"immersiveengineering:hemp_fiber":4,"exnihilosequentia:fired_crucible":1,"minecraft:glass":79,"minecraft:bone":1,"minecraft:wheat_seeds":26,"ftbquests:book":3,"projecte:philosophers_stone":6,"sophisticatedstorage:chest":1,"exnihilosequentia:grass_seeds":3,"allthecompressed:cobblestone_block_1x":195,"minecraft:glowstone_dust":58,"exnihilosequentia:jungle_seeds":4,"minecraft:oak_planks":35,"exnihilosequentia:lead_pieces":551,"mekanism:metallurgic_infuser":1,"exnihilosequentia:iron_mesh":31,"exmachinis:flux_hammer":2,"allthecompressed:sand_block_1x":352,"allthecompressed:gravel_block_1x":588,"minecraft:sand":36,"thermal:onion_seeds":1,"exnihilosequentia:silkworm":153,"mekanism:basic_control_circuit":11,"alltheores:raw_nickel":18,"forbidden_arcanus:ender_pearl_fragment":3,"minecraft:clay":67,"minecraft:diamond":20,"alltheores:raw_aluminum":14,"exnihilosequentia:silver_pieces":508,"minecraft:bone_meal":207,"minecraft:emerald":25,"minecraft:oak_sapling":57,"thermal:sawdust":1,"functionalstorage:oak_1":5,"minecraft:charcoal":16,"minecraft:crafting_table":3,"minecraft:turtle_helmet":1,"thermal:cinnabar":669,"mekanism:alloy_infused":13,"exnihilosequentia:dust":1130,"exnihilosequentia:potato_seeds":2,"thermal:niter":693,"minecraft:poppy":6,"minecraft:chest":6,"exnihilosequentia:cactus_seeds":3,"minecraft:raw_iron":14,"thermal:dynamo_magmatic":2,"minecraft:copper_ingot":3,"exnihilosequentia:diorite_pebble":112,"exnihilosequentia:granite_pebble":109,"minecraft:redstone":114,"exmachinis:flux_sieve":3,"exnihilosequentia:stone_pebble":574,"exnihilosequentia:diamond_mesh":3,"exnihilosequentia:nickel_pieces":519,"exnihilosequentia:bamboo_seeds":2,"exnihilosequentia:carrot_seeds":1,"minecraft:beetroot_seeds":13,"ae2:certus_quartz_dust":117,"exmachinis:gold_upgrade":3,"mekanism:osmium_compressor":1,"minecraft:gold_ingot":58,"exnihilosequentia:stone_barrel":2,"minecraft:white_wool":33,"exnihilosequentia:basalt_pebble":100,"ae2:fluix_dust":5,"minecraft:glow_ink_sac":16,"rftoolspower:coalgenerator":3,"croptopia:glowing_calamari":7,"ironchests:copper_chest":1,"minecraft:oak_log":59,"exnihilosequentia:acacia_seeds":1,"exnihilosequentia:iron_pieces":1082,"minecraft:cobblestone_wall":2,"minecraft:gunpowder":58,"mekanism:enrichment_chamber":2,"ae2:sky_dust":332,"pipez:basic_upgrade":3,"exnihilosequentia:aluminum_pieces":509,"minecraft:apple":7,"thermal:tomato_seeds":3,"exnihilosequentia:oak_seeds":1,"minecraft:oak_slab":1,"minecraft:dandelion":9,"minecraft:gravel":273,"minecraft:lava_bucket":1,"exnihilosequentia:stone_hammer":3,"exnihilosequentia:birch_seeds":2,"thermal:green_bean_seeds":1,"exnihilosequentia:oak_barrel":6,"cookingforblockheads:sink":1,"minecraft:pumpkin_seeds":3,"immersiveengineering:seed":15,"minecraft:chainmail_leggings":1,"minecraft:iron_helmet":1,"mekanism:fluorite_gem":79,"minecraft:melon_seeds":10,"minecraft:coal":725,"exnihilosequentia:copper_pieces":579,"minecraft:ender_pearl":1},"minecraft:mined":{"minecraft:oak_sapling":1,"exnihilosequentia:oak_sieve":64,"minecraft:grass_block":35,"cobblefordays:tier_1":4,"minecraft:fire":11,"pipez:fluid_pipe":1,"exnihilosequentia:oak_barrel":5,"minecraft:dirt_path":1,"minecraft:tripwire":2,"exmachinis:flux_hammer":1,"minecraft:poppy":3,"minecraft:chest":4,"minecraft:cobblestone":109,"minecraft:oak_planks":24,"minecraft:grass":64,"minecraft:oak_log":39,"minecraft:sand":7,"minecraft:dirt":25,"minecraft:oak_leaves":55,"exnihilosequentia:infested_leaves":221,"allthecompressed:cobblestone_block_1x":392,"functionalstorage:oak_1":4,"minecraft:furnace":2,"rftoolspower:coalgenerator":2,"minecraft:white_wool":9,"exnihilosequentia:dust":3,"minecraft:dandelion":10,"minecraft:crafting_table":3,"exmachinis:flux_sieve":2,"exnihilosequentia:stone_barrel":2,"exnihilosequentia:fired_crucible":1,"allthecompressed:gravel_block_1x":286,"minecraft:tall_grass":20,"allthecompressed:sand_block_1x":104,"minecraft:cactus":2,"minecraft:cobblestone_wall":2,"minecraft:gravel":30},"minecraft:killed_by":{"ars_nouveau:wilden_hunter":3,"minecraft:zombie":1,"minecraft:player":1},"minecraft:broken":{"minecraft:wooden_shovel":1,"exnihilosequentia:wooden_crook":2,"minecraft:stone_axe":1,"exnihilosequentia:iron_hammer":2},"minecraft:used":{"minecraft:poppy":4,"immersiveengineering:seed":1,"rftoolspower:coalgenerator":2,"minecraft:chest":9,"minecraft:stone":5,"minecraft:obsidian":1,"minecraft:lava_bucket":4,"farmersdelight:cutting_board":1,"minecraft:oak_sapling":14,"minecraft:furnace":2,"ironchests:copper_chest":1,"exnihilosequentia:stone_pebble":16,"minecraft:oak_planks":17,"occultism:datura_seeds":1,"minecraft:cactus":3,"exnihilosequentia:stone_barrel":5,"exnihilosequentia:oak_sieve":73,"minecraft:sand":9,"elevatorid:elevator_white":2,"sophisticatedstorage:basic_tier_upgrade":1,"thermal:flax_seeds":1,"minecraft:string":2,"minecraft:gravel":28,"sophisticatedstorage:chest":1,"exmachinis:flux_hammer":2,"exnihilosequentia:stone_hammer":123,"allthecompressed:cobblestone_block_1x":548,"functionalstorage:oak_1":7,"exmachinis:flux_sieve":3,"exnihilosequentia:silkworm":1,"minecraft:bone_meal":2,"cookingforblockheads:sink":1,"mekanism:enrichment_chamber":1,"exnihilosequentia:wooden_hammer":16,"minecraft:stone_shovel":3,"farmingforblockheads:market":1,"minecraft:dirt":22,"minecraft:white_carpet":22,"minecraft:hopper":1,"minecraft:cobblestone_wall":119,"thermal:tomato":1,"exnihilosequentia:andesite_pebble":15,"exnihilosequentia:wooden_crook":264,"cobblefordays:tier_1":4,"constructionwand:diamond_wand":94,"minecraft:cooked_beef":13,"forbidden_arcanus:cherrywood_sapling":1,"pipez:fluid_pipe":5,"exnihilosequentia:fired_crucible":1,"allthecompressed:sand_block_1x":110,"minecraft:water_bucket":10,"exnihilosequentia:granite_pebble":11,"exnihilosequentia:diorite_pebble":16,"minecraft:crafting_table":5,"minecraft:white_bed":2,"minecraft:campfire":1,"exnihilosequentia:iron_hammer":840,"minecraft:apple":5,"exnihilosequentia:oak_barrel":7,"thermal:green_bean_seeds":1,"minecraft:stone_axe":105,"projecte:philosophers_stone":34,"minecraft:cobblestone":577,"allthecompressed:gravel_block_1x":352,"exnihilosequentia:basalt_pebble":2,"exnihilosequentia:blackstone_pebble":31,"thermal:tomato_seeds":1,"minecraft:bucket":11,"minecraft:dandelion":10,"minecraft:chainmail_leggings":1},"minecraft:crafted":{"ironchests:copper_chest":1,"minecraft:oak_planks":300,"forbidden_arcanus:mysterywood_sapling":1,"minecraft:sand":72,"alltheores:iron_ore_hammer":1,"minecraft:stone":28,"exnihilosequentia:unfired_crucible":10,"pipez:fluid_pipe":16,"minecraft:iron_bars":16,"exnihilosequentia:stone_barrel":3,"minecraft:green_dye":3,"minecraft:glass":35,"minecraft:hopper":3,"thermal:sulfur_block":8,"thermal:dynamo_magmatic":1,"minecraft:raw_copper":45,"exnihilosequentia:diamond_mesh":2,"darkutils:tome_pigpen":1,"minecraft:cyan_terracotta":24,"minecraft:chest":15,"alltheores:invar_gear":1,"alltheores:raw_lead":16,"minecraft:oak_slab":18,"minecraft:wooden_shovel":1,"minecraft:crafting_table":2,"minecraft:gravel":4536,"alltheores:raw_tin":19,"projecte:philosophers_stone":3,"minecraft:red_wool":1,"exnihilosequentia:fired_crucible":10,"minecraft:copper_ingot":45,"minecraft:campfire":1,"cobblefordays:tier_1":1,"farmersdelight:cutting_board":1,"minecraft:charcoal":320,"minecraft:stick":44,"minecraft:stone_slab":6,"minecraft:iron_ingot":454,"minecraft:iron_block":6,"minecraft:gold_ingot":65,"minecraft:redstone_torch":1,"farmingforblockheads:market":1,"exmachinis:flux_sieve":1,"minecraft:raw_iron":131,"minecraft:coal":16,"minecraft:stone_shovel":1,"sophisticatedstorage:basic_tier_upgrade":1,"minecraft:iron_nugget":9,"exnihilosequentia:porcelain_clay":71,"minecraft:furnace":1,"exmachinis:gold_upgrade":3,"alltheores:invar_dust":21,"minecraft:white_carpet":48,"exnihilosequentia:iron_mesh":15,"minecraft:glass_pane":16,"exnihilosequentia:oak_sieve":17,"minecraft:terracotta":32,"exnihilosequentia:flint_mesh":22,"minecraft:ender_pearl":2,"minecraft:cobblestone_wall":318,"minecraft:clay_ball":136,"alltheores:steel_ingot":4,"exnihilosequentia:iron_hammer":3,"exnihilosequentia:wooden_crook":2,"functionalstorage:oak_1":1,"alltheores:nickel_dust":7,"minecraft:red_dye":1,"constructionwand:diamond_wand":1,"alltheores:raw_aluminum_block":1,"minecraft:cyan_dye":11,"elevatorid:elevator_white":2,"biggerreactors:graphite_ingot":2,"exnihilosequentia:oak_barrel":2,"alltheores:nickel_ingot":10,"alltheores:raw_nickel":16,"alltheores:invar_ingot":21,"allthecompressed:cobblestone_block_1x":587,"minecraft:bucket":34,"minecraft:stone_axe":1,"minecraft:air":0,"minecraft:white_wool":52,"exnihilosequentia:diamond_hammer":1,"minecraft:cobblestone":586,"minecraft:raw_gold":67,"alltheores:iron_dust":14,"minecraft:white_bed":2,"exmachinis:flux_hammer":1,"allthecompressed:sand_block_1x":2,"cookingforblockheads:sink":1,"alltheores:raw_aluminum":14,"thermal:rf_coil":1,"exnihilosequentia:string_mesh":15},"minecraft:killed":{"ars_nouveau:summon_wolf":1,"ars_nouveau:wilden_hunter":1},"minecraft:custom":{"minecraft:interact_with_crafting_table":162,"minecraft:leave_game":17,"minecraft:time_since_death":19196,"minecraft:sprint_one_cm":359197,"minecraft:drop":584,"minecraft:talked_to_villager":5,"minecraft:play_time":494537,"minecraft:deaths":10,"minecraft:jump":2506,"minecraft:walk_on_water_one_cm":10502,"minecraft:interact_with_furnace":161,"minecraft:traded_with_villager":2,"minecraft:sleep_in_bed":2,"minecraft:damage_dealt":915,"minecraft:crouch_one_cm":50036,"minecraft:mob_kills":4,"minecraft:inspect_hopper":10,"minecraft:climb_one_cm":16,"minecraft:walk_one_cm":882581,"minecraft:sneak_time":20018,"minecraft:walk_under_water_one_cm":15862,"minecraft:total_world_time":498226,"minecraft:time_since_rest":8516,"minecraft:damage_taken":3770,"minecraft:use_wand":789,"minecraft:swim_one_cm":45,"minecraft:fly_one_cm":350995,"minecraft:open_chest":541,"minecraft:fall_one_cm":60252},"minecraft:dropped":{"minecraft:clay":1,"exnihilosequentia:granite_pebble":5,"minecraft:lapis_lazuli":39,"minecraft:cooked_beef":15,"minecraft:oak_log":36,"alltheores:raw_nickel":12,"minecraft:glow_ink_sac":16,"exnihilosequentia:diorite_pebble":2,"minecraft:diamond":7,"exnihilosequentia:jungle_seeds":2,"thermal:dynamo_magmatic":1,"exnihilosequentia:iron_hammer":7,"mekanism:basic_control_circuit":11,"minecraft:emerald":1,"minecraft:flint":338,"alltheores:osmium_ingot":3,"minecraft:dirt":1,"exmachinis:flux_sieve":1,"constructionwand:diamond_wand":3,"alltheores:raw_aluminum_block":1,"exnihilosequentia:wooden_hammer":1,"minecraft:bone_meal":70,"projecte:philosophers_stone":8,"minecraft:sand":2,"exnihilosequentia:stone_hammer":3,"exnihilosequentia:tin_pieces":34,"ftbquests:book":3,"ironchests:copper_chest":1,"minecraft:gold_ingot":56,"minecraft:gravel":3,"minecraft:stone_axe":1,"exnihilosequentia:nickel_pieces":2,"exnihilosequentia:copper_pieces":27,"minecraft:obsidian":2,"ae2:fluix_dust":3,"thermal:sawdust":1,"minecraft:oak_planks":44,"exnihilosequentia:silkworm":50,"minecraft:glowstone_dust":23,"minecraft:blaze_powder":39,"thermal:sulfur_block":8,"ae2:sky_dust":134,"mekanism:alloy_infused":14,"minecraft:poppy":1,"minecraft:gunpowder":2,"exnihilomekanism:osmium_pieces":101,"mekanism:energy_tablet":2,"thermal:cinnabar":40,"minecraft:chest":7,"exnihilosequentia:stone_pebble":2,"exnihilosequentia:carrot_seeds":1,"minecraft:glass":92,"pipez:improved_upgrade":2,"exnihilosequentia:basalt_pebble":1,"cookingforblockheads:sink":1,"mekanism:fluorite_gem":6,"minecraft:iron_ingot":129,"allthecompressed:gravel_block_1x":38,"minecraft:oak_slab":1,"pipez:basic_upgrade":2,"minecraft:iron_helmet":1,"minecraft:cobblestone":1918,"exnihilosequentia:iron_pieces":14,"minecraft:apple":2,"allthecompressed:cobblestone_block_1x":410,"cobblefordays:tier_1":1,"minecraft:coal":29,"exnihilosequentia:andesite_pebble":2,"exnihilosequentia:string_mesh":1,"exnihilosequentia:fired_crucible":1,"minecraft:stick":3,"exmachinis:flux_hammer":1,"minecraft:lava_bucket":1,"mekanism:enrichment_chamber":1,"exnihilosequentia:aluminum_pieces":23,"alltheores:iron_ore_hammer":1,"exnihilosequentia:dust":577,"alltheores:raw_aluminum":14,"thermal:radish_seeds":2,"allthecompressed:sand_block_1x":185,"minecraft:string":167,"minecraft:bucket":2,"thermal:sulfur":97,"minecraft:redstone":33,"mekanism:metallurgic_infuser":1,"forbidden_arcanus:mysterywood_sapling":1,"thermal:apatite":2,"mekanism:osmium_compressor":1,"minecraft:raw_iron":14,"minecraft:stone_shovel":1,"exmachinis:gold_upgrade":3,"mekanism:alloy_reinforced":4,"exnihilosequentia:gold_pieces":7,"exnihilosequentia:diamond_mesh":1,"functionalstorage:oak_1":1,"pipez:fluid_pipe":1,"pipez:energy_pipe":29,"exnihilosequentia:lead_pieces":42,"exnihilosequentia:silver_pieces":1,"ae2:certus_quartz_dust":44,"darkutils:tome_pigpen":1,"rftoolspower:coalgenerator":1,"pipez:wrench":1,"thermal:niter":27,"alltheores:steel_ingot":4}},"DataVersion":2975}