{"stats":{"minecraft:crafted":{"minecraft:crafting_table":2,"minecraft:spruce_planks":24,"minecraft:stick":20,"minecraft:stone_pickaxe":1,"minecraft:wooden_pickaxe":1},"minecraft:used":{"minecraft:crafting_table":2,"minecraft:wooden_pickaxe":21},"minecraft:picked_up":{"minecraft:crafting_table":1,"minecraft:spruce_log":6,"minecraft:coal":17,"minecraft:dirt":1,"minecraft:cobblestone":3},"minecraft:custom":{"minecraft:time_since_rest":3893,"minecraft:crouch_one_cm":240,"minecraft:play_time":3893,"minecraft:sprint_one_cm":6094,"minecraft:damage_taken":30,"minecraft:walk_one_cm":5989,"minecraft:sneak_time":48,"minecraft:jump":37,"minecraft:damage_dealt":20,"minecraft:time_since_death":3893,"minecraft:total_world_time":3893,"minecraft:interact_with_crafting_table":3,"minecraft:fall_one_cm":2462,"minecraft:fly_one_cm":4368},"minecraft:mined":{"minecraft:coal_ore":17,"minecraft:dirt":1,"minecraft:spruce_leaves":3,"minecraft:spruce_log":6,"minecraft:stone":3,"minecraft:crafting_table":1}},"DataVersion":3955}