{"stats":{"minecraft:killed_by":{"minecraft:creeper":1},"minecraft:used":{"minecraft:stone_pickaxe":42,"minecraft:iron_pickaxe":19,"minecraft:spruce_planks":1,"minecraft:wooden_pickaxe":27,"minecraft:iron_chestplate":1,"minecraft:stone_axe":11,"minecraft:dirt":1,"minecraft:cobblestone":5,"minecraft:crafting_table":7,"minecraft:furnace":3,"minecraft:cobbled_deepslate":1},"minecraft:crafted":{"minecraft:iron_chestplate":1,"minecraft:crafting_table":2,"minecraft:spruce_planks":24,"minecraft:stick":20,"minecraft:iron_pickaxe":1,"minecraft:iron_ingot":15,"minecraft:wooden_pickaxe":2,"minecraft:stone_pickaxe":2,"minecraft:furnace":1,"minecraft:bucket":1,"minecraft:air":0},"minecraft:picked_up":{"minecraft:crafting_table":11,"minecraft:stick":38,"minecraft:raw_iron":22,"minecraft:wooden_pickaxe":3,"minecraft:spruce_log":6,"minecraft:string":2,"minecraft:dirt":3,"minecraft:diamond":5,"minecraft:stone_axe":1,"minecraft:cobbled_deepslate":31,"minecraft:spruce_planks":5,"minecraft:stone_pickaxe":3,"minecraft:glow_berries":1,"minecraft:coal":67,"minecraft:cobblestone":30,"minecraft:furnace":2},"minecraft:custom":{"minecraft:time_since_rest":16882,"minecraft:interact_with_furnace":11,"minecraft:sprint_one_cm":64529,"minecraft:damage_taken":848,"minecraft:walk_one_cm":54819,"minecraft:mob_kills":2,"minecraft:damage_dealt":466,"minecraft:swim_one_cm":4498,"minecraft:interact_with_crafting_table":10,"minecraft:fly_one_cm":63602,"minecraft:crouch_one_cm":18456,"minecraft:play_time":27893,"minecraft:deaths":2,"minecraft:sneak_time":4816,"minecraft:walk_under_water_one_cm":8685,"minecraft:jump":572,"minecraft:time_since_death":16855,"minecraft:walk_on_water_one_cm":9675,"minecraft:total_world_time":27893,"minecraft:fall_one_cm":24310},"minecraft:killed":{"minecraft:zombie":1,"minecraft:spider":1},"minecraft:mined":{"minecraft:spruce_planks":1,"minecraft:furnace":2,"minecraft:deepslate_diamond_ore":5,"minecraft:iron_ore":7,"minecraft:sculk_vein":1,"minecraft:spruce_log":6,"minecraft:crafting_table":6,"minecraft:glow_lichen":1,"minecraft:coal_ore":17,"minecraft:deepslate_iron_ore":14,"minecraft:dirt":1,"minecraft:spruce_leaves":3,"minecraft:stone":22,"minecraft:deepslate":18}},"DataVersion":3955}