{"stats":{"minecraft:killed_by":{"minecraft:zoglin":2,"ars_nouveau:wilden_hunter":6,"minecraft:zombie":2,"twilightforest:naga":1,"minecraft:wither_skeleton":1,"minecraft:player":3,"minecraft:skeleton":3},"minecraft:picked_up":{"alltheores:raw_aluminum_block":1,"exnihilomekanism:osmium_pieces":217,"exnihilosequentia:andesite_pebble":124,"exnihilosequentia:dark_oak_seeds":1,"minecraft:golden_sword":1,"exnihilosequentia:flint_mesh":17,"minecraft:string":594,"pipez:energy_pipe":71,"thermal:barley_seeds":4,"minecraft:gold_nugget":1,"exnihilosequentia:oak_sieve":66,"darkutils:tome_pigpen":1,"minecraft:melon_slice":11,"wstweaks:fragment":28,"minecraft:golden_helmet":1,"immersiveengineering:shader_bag_epic":1,"minecraft:golden_chestplate":1,"thermal:apatite":710,"exnihilosequentia:wooden_crook":1,"minecraft:stone_sword":1,"minecraft:blue_dye":1,"twilightforest:knightmetal_leggings":1,"thermal:radish_seeds":2,"mekanism:basic_fluid_tank":9,"minecraft:blaze_rod":4,"croptopia:apple_sapling":6,"minecraft:cooked_beef":4,"industrialforegoing:range_addon3":1,"minecraft:water_bucket":2,"torcherino:torcherino":7,"minecraft:flint":2760,"exnihilosequentia:gold_pieces":405,"mekanism:alloy_reinforced":4,"twilightforest:canopy_sapling":2,"pipez:fluid_pipe":13,"ftbquests:book":3,"projecte:philosophers_stone":7,"sophisticatedstorage:chest":1,"allthecompressed:cobblestone_block_1x":195,"exnihilosequentia:jungle_seeds":4,"minecraft:glowstone_dust":63,"mekanism:metallurgic_infuser":2,"exnihilosequentia:iron_mesh":31,"exmachinis:flux_hammer":2,"ae2:certus_quartz_crystal":4,"twilightforest:canopy_log":2,"thermal:onion_seeds":2,"ars_nouveau:wilden_horn":1,"exnihilosequentia:silkworm":153,"minecraft:iron_hoe":2,"minecraft:polished_andesite":1,"minecraft:writable_book":1,"exnihilosequentia:silver_pieces":700,"minecraft:bread":133,"industrialforegoing:latex_bucket":1,"thermal:sawdust":1,"twilightforest:ironwood_helmet":1,"minecraft:diamond_pickaxe":2,"minecraft:coarse_dirt":1,"alltheores:osmium_ingot":12,"minecraft:crafting_table":3,"minecraft:nether_wart":20,"twilightforest:ironwood_axe":1,"mekanism:alloy_infused":16,"twilightforest:fiery_sword":1,"minecraft:white_carpet":1,"mekanism:pressurized_reaction_chamber":4,"industrialforegoing:mob_slaughter_factory":1,"minecraft:glass_pane":10,"thermal:niter":949,"minecraft:poppy":8,"minecraft:chest":6,"minecraft:raw_copper_block":3,"minecraft:egg":1,"reliquary:rib_bone":1,"pipez:item_pipe":58,"botania:purple_mushroom":1,"sophisticatedbackpacks:backpack":1,"exnihilosequentia:granite_pebble":109,"minecraft:redstone":290,"exmachinis:flux_sieve":3,"exnihilosequentia:stone_pebble":575,"exnihilosequentia:diamond_mesh":4,"mekanism:crusher":1,"exnihilosequentia:carrot_seeds":1,"minecraft:beetroot_seeds":13,"exmachinis:gold_upgrade":3,"industrialforegoing:plant_gatherer":3,"mekanism:osmium_compressor":3,"minecraft:gold_ingot":68,"exnihilosequentia:stone_barrel":4,"minecraft:white_wool":33,"exnihilosequentia:basalt_pebble":100,"ae2:fluix_dust":5,"rftoolspower:coalgenerator":7,"croptopia:glowing_calamari":7,"mekanismgenerators:gas_burning_generator":2,"minecraft:red_mushroom":13,"ars_nouveau:wilden_wing":5,"minecraft:oak_log":82,"exnihilosequentia:iron_pieces":1082,"minecraft:paper":47,"industrialforegoing:dryrubber":1,"exnihilosequentia:diamond_hammer":1,"pipez:basic_upgrade":3,"twilightforest:ironwood_sword":1,"exnihilosequentia:aluminum_pieces":701,"sophisticatedstorage:basic_tier_upgrade":1,"minecraft:apple":41,"minecraft:stone_bricks":10,"exnihilosequentia:oak_seeds":1,"twilightforest:triple_bow":1,"thermal:strawberry_seeds":2,"industrialforegoing:plastic":44,"minecraft:gravel":294,"exnihilosequentia:stone_hammer":3,"exnihilosequentia:birch_seeds":2,"exnihilosequentia:oak_barrel":6,"cookingforblockheads:sink":3,"immersiveengineering:seed":27,"minecraft:stone_axe":1,"minecraft:painting":37,"minecraft:melon_seeds":10,"twilightforest:spiral_bricks":2,"thermal:amaranth_seeds":1,"exnihilosequentia:copper_pieces":579,"minecraft:ender_pearl":1,"ars_nouveau:caster_tome":3,"minecraft:wheat":3,"constructionwand:diamond_wand":3,"mekanism:electrolytic_separator":4,"minecraft:nether_brick_fence":1,"industrialforegoing:plant_sower":2,"tombstone:grave_key":2,"forbidden_arcanus:mysterywood_sapling":1,"spirit:broken_spawner":6,"minecraft:smooth_stone_slab":2,"thermal:sulfur":932,"cobblefordays:tier_1":4,"minecraft:bucket":5,"thermal:tomato":1,"mekanism:purification_chamber":1,"exnihilosequentia:emerald_mesh":2,"minecraft:redstone_torch":2,"alltheores:iron_ore_hammer":1,"pipez:improved_upgrade":1,"thermal:sulfur_block":8,"minecraft:furnace":1,"minecraft:stick":67,"apotheosis:gem":2,"exnihilosequentia:large_fern_seeds":1,"minecraft:torch":15,"exnihilosequentia:iron_hammer":7,"tombstone:grave_dust":7,"mekanism:energy_tablet":2,"thermal:flax_seeds":1,"pipez:wrench":3,"minecraft:cactus":40,"minecraft:rotten_flesh":44,"exnihilosequentia:sugarcane_seeds":1,"minecraft:obsidian":79,"minecraft:blaze_powder":72,"minecraft:cobblestone":1835,"occultism:datura_seeds":7,"exnihilosequentia:blackstone_pebble":118,"minecraft:magma_cream":1,"twilightforest:twilight_oak_log":82,"minecraft:golden_leggings":1,"twilightforest:fiery_helmet":1,"exnihilosequentia:string_mesh":3,"exnihilosequentia:tin_pieces":887,"minecraft:lapis_lazuli":301,"minecraft:dirt":84,"immersiveengineering:hemp_fiber":4,"minecraft:bone":38,"exnihilosequentia:fired_crucible":2,"minecraft:glass":79,"minecraft:bow":1,"minecraft:wheat_seeds":39,"minecraft:raw_gold":5,"exnihilosequentia:grass_seeds":3,"minecraft:mossy_stone_bricks":2,"minecraft:oak_planks":46,"ironfurnaces:iron_furnace":1,"exnihilosequentia:lead_pieces":679,"tconstruct:necrotic_bone":13,"allthecompressed:sand_block_1x":352,"allthecompressed:gravel_block_1x":716,"minecraft:sand":37,"allthecompressed:gravel_block_2x":7,"mekanism:basic_control_circuit":11,"alltheores:raw_nickel":18,"twilightforest:mossy_etched_nagastone":1,"forbidden_arcanus:ender_pearl_fragment":3,"twilightforest:twilight_scepter":1,"minecraft:clay":67,"twilightforest:twilight_oak_sapling":15,"minecraft:diamond":132,"alltheores:raw_aluminum":14,"minecraft:bone_meal":207,"twilightforest:knightmetal_helmet":1,"mekanism:advanced_control_circuit":1,"minecraft:emerald":121,"minecraft:oak_sapling":68,"functionalstorage:oak_1":5,"minecraft:charcoal":34,"mekanism:clump_iron":4,"twilightforest:ironwood_boots":1,"botania:white_mushroom":1,"minecraft:turtle_helmet":2,"industrialforegoing:fluid_extractor":3,"thermal:cinnabar":797,"minecraft:brown_mushroom":38,"minecraft:shield":3,"minecraft:iron_axe":4,"exnihilosequentia:potato_seeds":2,"exnihilosequentia:dust":1130,"exnihilosequentia:cactus_seeds":3,"mekanism:dirty_dust_iron":4,"minecraft:raw_iron":31,"thermal:dynamo_magmatic":2,"minecraft:copper_ingot":3,"twilightforest:twilight_oak_chest":1,"twilightforest:knightmetal_axe":1,"exnihilosequentia:diorite_pebble":112,"exnihilosequentia:nickel_pieces":711,"thermal:peanut_seeds":1,"exnihilosequentia:bamboo_seeds":2,"minecraft:arrow":30,"ae2:certus_quartz_dust":218,"minecraft:nether_bricks":8,"twilightforest:etched_nagastone":3,"forbidden_arcanus:spawner_scrap":6,"minecraft:glow_ink_sac":16,"minecraft:leather":2,"ironchests:copper_chest":1,"minecraft:gunpowder":58,"minecraft:cobblestone_wall":2,"exnihilosequentia:acacia_seeds":1,"ironfurnaces:upgrade_iron":1,"twilightforest:twilight_oak_planks":2,"mekanism:enrichment_chamber":7,"minecraft:red_carpet":1,"ae2:sky_dust":567,"industrialforegoing:latex_processing_unit":1,"industrialforegoing:tinydryrubber":12,"thermal:tomato_seeds":3,"minecraft:soul_sand":4,"minecraft:book":423,"minecraft:oak_slab":2,"industrialforegoing:machine_frame_pity":2,"minecraft:dandelion":16,"minecraft:lava_bucket":1,"thermal:green_bean_seeds":1,"twilightforest:knightmetal_sword":1,"minecraft:mossy_stone_brick_slab":1,"mekanismgenerators:wind_generator":6,"minecraft:pumpkin_seeds":3,"minecraft:chainmail_leggings":2,"mekanism:fluorite_gem":79,"minecraft:iron_helmet":1,"minecraft:terracotta":1,"tombstone:magic_scroll":1,"twilightforest:steeleaf_pickaxe":1,"minecraft:coal":729},"minecraft:broken":{"minecraft:wooden_shovel":1,"exnihilosequentia:wooden_crook":2,"minecraft:chainmail_leggings":1,"minecraft:shield":2,"minecraft:golden_leggings":1,"minecraft:stone_axe":1,"exnihilosequentia:iron_hammer":3},"minecraft:custom":{"minecraft:interact_with_crafting_table":166,"minecraft:leave_game":19,"minecraft:time_since_death":16550,"minecraft:damage_blocked_by_shield":5491,"minecraft:play_time":906483,"minecraft:deaths":29,"tombstone:tomb_raiding":1,"minecraft:jump":6195,"minecraft:interact_with_furnace":221,"minecraft:traded_with_villager":2,"minecraft:sleep_in_bed":9,"minecraft:damage_dealt":26615,"tombstone:undead_killed":59,"minecraft:horse_one_cm":40984,"minecraft:inspect_hopper":10,"minecraft:sneak_time":35979,"minecraft:total_world_time":910172,"minecraft:time_since_rest":15172,"minecraft:use_wand":789,"minecraft:swim_one_cm":10915,"minecraft:fly_one_cm":1297291,"minecraft:open_chest":920,"minecraft:fall_one_cm":99836,"minecraft:animals_bred":2,"twilightforest:torchberries_harvested":1,"minecraft:sprint_one_cm":1311971,"minecraft:drop":919,"minecraft:talked_to_villager":7,"minecraft:walk_on_water_one_cm":25204,"minecraft:player_kills":8,"minecraft:crouch_one_cm":106328,"minecraft:mob_kills":143,"minecraft:damage_dealt_resisted":795,"minecraft:climb_one_cm":2160,"minecraft:walk_one_cm":2024785,"minecraft:walk_under_water_one_cm":40943,"minecraft:damage_taken":15018},"minecraft:crafted":{"ironfurnaces:iron_furnace":1,"exnihilosequentia:unfired_crucible":10,"minecraft:iron_bars":16,"exnihilosequentia:stone_barrel":3,"minecraft:glass":41,"alltheores:iron_gear":2,"industrialforegoing:plant_sower":1,"minecraft:flower_pot":1,"minecraft:wooden_shovel":1,"minecraft:diamond_axe":1,"minecraft:gravel":6060,"alltheores:raw_tin":19,"projecte:philosophers_stone":3,"minecraft:clock":4,"exnihilosequentia:fired_crucible":10,"minecraft:copper_ingot":45,"industrialforegoing:dissolution_chamber":1,"minecraft:campfire":1,"industrialforegoing:fluid_extractor":1,"minecraft:stone_slab":6,"minecraft:iron_block":6,"minecraft:gold_ingot":83,"farmingforblockheads:market":1,"minecraft:stone_shovel":1,"sophisticatedstorage:basic_tier_upgrade":2,"minecraft:iron_nugget":27,"exnihilosequentia:porcelain_clay":71,"exmachinis:gold_upgrade":3,"industrialforegoing:dryrubber":35,"exnihilosequentia:emerald_mesh":1,"minecraft:white_carpet":48,"exnihilosequentia:iron_mesh":15,"industrialforegoing:plant_gatherer":2,"minecraft:terracotta":35,"twilightforest:twilight_oak_planks":56,"minecraft:ender_pearl":2,"alltheores:steel_ingot":4,"minecraft:redstone_block":7,"alltheores:nickel_dust":7,"constructionwand:diamond_wand":1,"alltheores:raw_aluminum_block":1,"torcherino:torcherino":1,"alltheores:invar_ingot":21,"allthecompressed:cobblestone_block_1x":806,"minecraft:cobblestone":595,"exnihilosequentia:diamond_hammer":2,"industrialforegoing:latex_processing_unit":1,"minecraft:white_bed":2,"allthecompressed:sand_block_1x":2,"industrialforegoing:plastic":35,"exnihilosequentia:string_mesh":15,"minecraft:brick":3,"ironchests:copper_chest":1,"minecraft:oak_planks":372,"forbidden_arcanus:mysterywood_sapling":1,"alltheores:iron_ore_hammer":1,"minecraft:sand":72,"minecraft:stone":28,"pipez:fluid_pipe":16,"minecraft:green_dye":3,"minecraft:hopper":3,"thermal:sulfur_block":8,"thermal:dynamo_magmatic":1,"minecraft:raw_copper":77,"exnihilosequentia:diamond_mesh":2,"darkutils:tome_pigpen":1,"minecraft:cyan_terracotta":24,"industrialforegoing:gold_gear":1,"minecraft:chest":20,"alltheores:invar_gear":1,"alltheores:raw_lead":16,"alltheores:gold_gear":4,"minecraft:raw_iron_block":8,"minecraft:oak_slab":18,"minecraft:crafting_table":2,"minecraft:red_wool":1,"cobblefordays:tier_1":1,"farmersdelight:cutting_board":1,"minecraft:charcoal":320,"minecraft:light_weighted_pressure_plate":1,"minecraft:stick":112,"minecraft:iron_ingot":483,"minecraft:redstone_torch":5,"exmachinis:flux_sieve":1,"croptopia:apple_sapling":5,"minecraft:redstone":45,"minecraft:raw_iron":227,"minecraft:coal":16,"alltheores:invar_dust":21,"minecraft:furnace":1,"minecraft:piston":3,"minecraft:raw_copper_block":3,"minecraft:glass_pane":32,"exnihilosequentia:oak_sieve":17,"minecraft:flint_and_steel":1,"exnihilosequentia:flint_mesh":22,"minecraft:iron_axe":5,"minecraft:iron_hoe":3,"minecraft:cobblestone_wall":318,"minecraft:clay_ball":136,"exnihilosequentia:iron_hammer":3,"industrialforegoing:diamond_gear":1,"exnihilosequentia:wooden_crook":2,"functionalstorage:oak_1":1,"minecraft:red_dye":1,"minecraft:cyan_dye":11,"elevatorid:elevator_white":2,"biggerreactors:graphite_ingot":2,"exnihilosequentia:oak_barrel":2,"alltheores:nickel_ingot":10,"alltheores:raw_nickel":16,"minecraft:iron_sword":2,"industrialforegoing:machine_frame_pity":7,"sophisticatedstorage:basic_to_iron_tier_upgrade":1,"minecraft:bucket":34,"minecraft:stone_axe":1,"minecraft:air":0,"minecraft:bread":64,"minecraft:white_wool":52,"minecraft:raw_gold":143,"allthecompressed:cobblestone_block_2x":7,"industrialforegoing:mob_slaughter_factory":1,"alltheores:iron_dust":14,"exmachinis:flux_hammer":1,"minecraft:torch":28,"cookingforblockheads:sink":2,"alltheores:raw_aluminum":14,"thermal:rf_coil":1},"minecraft:dropped":{"minecraft:clay":1,"industrialforegoing:plastic":2,"industrialforegoing:plant_sower":1,"mekanism:electrolytic_separator":2,"exnihilosequentia:granite_pebble":5,"occultism:datura_seeds":3,"minecraft:lapis_lazuli":39,"minecraft:cooked_beef":17,"minecraft:glow_ink_sac":16,"minecraft:diamond":90,"thermal:dynamo_magmatic":1,"mekanism:basic_control_circuit":13,"minecraft:red_mushroom":9,"minecraft:red_carpet":1,"minecraft:emerald":1,"alltheores:osmium_ingot":19,"minecraft:dirt":12,"exmachinis:flux_sieve":1,"minecraft:raw_copper_block":9,"alltheores:raw_aluminum_block":1,"exnihilosequentia:wooden_hammer":1,"mekanism:clump_iron":8,"minecraft:writable_book":1,"projecte:philosophers_stone":8,"minecraft:bone_meal":70,"minecraft:sand":2,"thermal:peanut_seeds":1,"exnihilosequentia:tin_pieces":546,"ironchests:copper_chest":1,"ars_nouveau:wilden_horn":1,"twilightforest:steeleaf_chestplate":1,"minecraft:bone":36,"industrialforegoing:machine_frame_pity":2,"minecraft:stone_axe":1,"minecraft:cooked_chicken":7,"minecraft:golden_chestplate":1,"mekanismgenerators:gas_burning_generator":2,"exnihilosequentia:nickel_pieces":386,"minecraft:wheat":1,"minecraft:obsidian":42,"exnihilosequentia:copper_pieces":27,"tombstone:gift":1,"minecraft:rotten_flesh":10,"thermal:sawdust":1,"minecraft:oak_planks":54,"minecraft:glowstone_dust":28,"minecraft:blaze_powder":39,"thermal:strawberry_seeds":2,"twilightforest:knightmetal_axe":1,"thermal:sulfur_block":8,"mekanism:alloy_infused":34,"mekanism:bio_fuel":4,"mekanism:energy_tablet":2,"minecraft:charcoal":62,"exnihilosequentia:stone_pebble":2,"exnihilosequentia:carrot_seeds":1,"minecraft:painting":13,"minecraft:glass":92,"pipez:improved_upgrade":2,"mekanism:fluorite_gem":6,"minecraft:golden_boots":1,"minecraft:iron_ingot":166,"minecraft:wheat_seeds":6,"pipez:basic_upgrade":2,"minecraft:iron_helmet":1,"minecraft:cobblestone":1985,"minecraft:book":52,"minecraft:apple":2,"minecraft:coal":33,"exnihilosequentia:fired_crucible":1,"minecraft:lava_bucket":1,"twilightforest:ironwood_axe":1,"exnihilosequentia:aluminum_pieces":407,"exnihilosequentia:blackstone_pebble":1,"alltheores:raw_aluminum":14,"thermal:radish_seeds":2,"minecraft:paper":47,"minecraft:string":171,"mekanism:advanced_control_circuit":6,"reliquary:rib_bone":1,"ars_nouveau:caster_tome":3,"mekanism:pressurized_reaction_chamber":3,"thermal:apatite":130,"minecraft:stone_sword":1,"minecraft:smooth_stone_slab":2,"mekanism:crusher":1,"minecraft:stone_shovel":1,"minecraft:clay_ball":18,"exnihilosequentia:gold_pieces":10,"functionalstorage:oak_1":1,"minecraft:stone":2,"pipez:energy_pipe":29,"darkutils:tome_pigpen":1,"torcherino:torcherino":1,"minecraft:stone_bricks":8,"minecraft:bow":1,"pipez:wrench":1,"ae2:certus_quartz_crystal":4,"alltheores:steel_ingot":4,"minecraft:terracotta":1,"minecraft:brown_mushroom":30,"minecraft:soul_sand":1,"alltheores:raw_nickel":12,"minecraft:oak_log":36,"minecraft:baked_potato":3,"exnihilosequentia:diorite_pebble":2,"minecraft:ender_pearl":4,"exnihilosequentia:jungle_seeds":2,"exnihilosequentia:iron_hammer":8,"minecraft:flint":610,"constructionwand:diamond_wand":3,"mekanism:purification_chamber":1,"industrialforegoing:latex_processing_unit":1,"twilightforest:ironwood_helmet":1,"industrialforegoing:dryrubber":1,"exnihilosequentia:stone_hammer":3,"ftbquests:book":3,"minecraft:gold_ingot":64,"minecraft:gravel":441,"spirit:broken_spawner":5,"ae2:fluix_dust":3,"exnihilosequentia:silkworm":50,"twilightforest:knightmetal_leggings":1,"ae2:sky_dust":740,"croptopia:apple_sapling":10,"minecraft:poppy":2,"minecraft:turtle_helmet":1,"minecraft:gunpowder":2,"exnihilomekanism:osmium_pieces":101,"thermal:cinnabar":296,"minecraft:chest":7,"twilightforest:steeleaf_pickaxe":1,"twilightforest:triple_bow":1,"minecraft:arrow":8,"immersiveengineering:seed":6,"cookingforblockheads:sink":2,"exnihilosequentia:basalt_pebble":1,"minecraft:water_bucket":1,"minecraft:bread":70,"allthecompressed:gravel_block_1x":38,"minecraft:oak_slab":2,"mekanism:enriched_redstone":1,"minecraft:golden_helmet":1,"exnihilosequentia:iron_pieces":14,"exnihilosequentia:emerald_mesh":2,"allthecompressed:cobblestone_block_1x":410,"cobblefordays:tier_1":1,"exnihilosequentia:andesite_pebble":2,"thermal:barley_seeds":2,"exnihilosequentia:string_mesh":1,"minecraft:stick":24,"exmachinis:flux_hammer":1,"mekanism:enrichment_chamber":4,"minecraft:torch":1,"twilightforest:spiral_bricks":2,"tombstone:grave_key":2,"alltheores:iron_ore_hammer":2,"forbidden_arcanus:spawner_scrap":6,"tombstone:grave_dust":4,"exnihilosequentia:dust":577,"industrialforegoing:fluid_extractor":1,"minecraft:iron_axe":3,"mekanism:basic_fluid_tank":3,"mekanism:enriched_diamond":1,"minecraft:cactus":35,"allthecompressed:sand_block_1x":185,"minecraft:bucket":2,"thermal:sulfur":481,"ars_nouveau:wilden_wing":5,"minecraft:redstone":145,"mekanism:metallurgic_infuser":1,"forbidden_arcanus:mysterywood_sapling":1,"minecraft:raw_copper":5,"industrialforegoing:tinydryrubber":12,"mekanism:osmium_compressor":3,"minecraft:raw_iron":32,"twilightforest:twilight_scepter":1,"exmachinis:gold_upgrade":3,"minecraft:iron_hoe":2,"mekanism:alloy_reinforced":8,"exnihilosequentia:diamond_mesh":2,"pipez:fluid_pipe":1,"twilightforest:mossy_etched_nagastone":1,"industrialforegoing:latex_bucket":1,"mekanism:dirty_dust_iron":4,"minecraft:mossy_stone_bricks":2,"exnihilosequentia:lead_pieces":298,"minecraft:oak_sapling":4,"exnihilosequentia:silver_pieces":385,"ae2:certus_quartz_dust":144,"minecraft:stone_pickaxe":1,"minecraft:raw_gold":12,"rftoolspower:coalgenerator":2,"thermal:niter":539,"industrialforegoing:plant_gatherer":2},"minecraft:killed":{"minecraft:skeleton":17,"twilightforest:lich":2,"minecraft:magma_cube":10,"minecraft:zombie":21,"minecraft:zoglin":1,"twilightforest:death_tome":6,"twilightforest:kobold":1,"minecraft:spider":2,"minecraft:silverfish":1,"minecraft:creeper":1,"minecraft:blaze":9,"twilightforest:naga":1,"ars_nouveau:summon_wolf":12,"ars_nouveau:wilden_stalker":9,"ars_nouveau:wilden_hunter":14,"minecraft:wither_skeleton":18},"minecraft:used":{"minecraft:poppy":5,"rftoolspower:coalgenerator":5,"minecraft:chest":14,"minecraft:stone":5,"industrialforegoing:mob_slaughter_factory":2,"minecraft:soul_sand":3,"minecraft:lava_bucket":4,"twilightforest:twilight_oak_planks":3,"ironfurnaces:iron_furnace":2,"minecraft:furnace":3,"minecraft:oak_sapling":14,"ironchests:copper_chest":1,"exnihilosequentia:stone_pebble":17,"minecraft:egg":1,"occultism:datura_seeds":1,"minecraft:cactus":3,"exnihilosequentia:diamond_hammer":130,"exnihilosequentia:oak_sieve":73,"exnihilosequentia:stone_barrel":5,"elevatorid:elevator_white":2,"minecraft:sand":9,"sophisticatedstorage:basic_to_iron_tier_upgrade":1,"sophisticatedstorage:chest":1,"industrialforegoing:dissolution_chamber":1,"allthecompressed:cobblestone_block_1x":676,"twilightforest:twilight_oak_log":1,"exmachinis:flux_sieve":3,"exnihilosequentia:wooden_hammer":16,"farmingforblockheads:market":1,"minecraft:torch":46,"mekanism:osmium_compressor":1,"minecraft:iron_axe":26,"carryon:entity_item":13,"thermal:green_bean":12,"torcherino:torcherino":7,"cobblefordays:tier_1":4,"constructionwand:diamond_wand":94,"forbidden_arcanus:cherrywood_sapling":1,"minecraft:wheat_seeds":2,"allthecompressed:sand_block_1x":110,"twilightforest:ironwood_chestplate":1,"minecraft:water_bucket":32,"exnihilosequentia:granite_pebble":11,"twilightforest:twilight_oak_sapling":1,"minecraft:crafting_table":5,"minecraft:oak_slab":1,"croptopia:apple_sapling":4,"minecraft:campfire":1,"minecraft:white_bed":2,"minecraft:oak_log":2,"minecraft:diamond_pickaxe":156,"exnihilosequentia:oak_barrel":7,"minecraft:cobblestone":725,"allthecompressed:gravel_block_1x":352,"minecraft:dandelion":17,"immersiveengineering:seed":1,"mekanism:basic_fluid_tank":7,"minecraft:shield":123,"minecraft:nether_bricks":8,"minecraft:obsidian":17,"mekanismgenerators:wind_generator":7,"minecraft:stone_bricks":1,"carryon:tile_item":1,"farmersdelight:cutting_board":1,"pipez:item_pipe":12,"twilightforest:fiery_sword":337,"minecraft:oak_planks":19,"industrialforegoing:fluid_extractor":3,"minecraft:diamond_axe":455,"sophisticatedstorage:basic_tier_upgrade":1,"thermal:flax_seeds":1,"sophisticatedbackpacks:backpack":1,"minecraft:bread":107,"minecraft:melon_slice":7,"minecraft:string":2,"mekanism:metallurgic_infuser":1,"minecraft:gravel":29,"exmachinis:flux_hammer":2,"exnihilosequentia:stone_hammer":123,"functionalstorage:oak_1":7,"exnihilosequentia:silkworm":1,"minecraft:coarse_dirt":1,"twilightforest:twilight_oak_chest":1,"minecraft:bone_meal":19,"cookingforblockheads:sink":4,"sophisticatedbackpacks:iron_backpack":1,"minecraft:flint_and_steel":1,"mekanism:enrichment_chamber":3,"minecraft:stone_shovel":3,"minecraft:dirt":34,"minecraft:white_carpet":39,"minecraft:hopper":1,"minecraft:cobblestone_wall":119,"industrialforegoing:plant_sower":2,"spirit:broken_spawner":1,"minecraft:iron_hoe":171,"thermal:tomato":1,"exnihilosequentia:andesite_pebble":15,"exnihilosequentia:wooden_crook":264,"mekanism:pressurized_reaction_chamber":1,"mekanism:electrolytic_separator":3,"minecraft:cooked_beef":19,"pipez:fluid_pipe":14,"exnihilosequentia:fired_crucible":2,"exnihilosequentia:diorite_pebble":16,"minecraft:brown_mushroom":1,"industrialforegoing:latex_processing_unit":1,"twilightforest:canopy_log":2,"minecraft:painting":10,"exnihilosequentia:iron_hammer":949,"minecraft:apple":23,"thermal:green_bean_seeds":1,"minecraft:stone_axe":105,"projecte:philosophers_stone":50,"exnihilosequentia:basalt_pebble":2,"exnihilosequentia:blackstone_pebble":31,"thermal:tomato_seeds":1,"minecraft:bucket":32,"industrialforegoing:plant_gatherer":3,"pipez:energy_pipe":20,"minecraft:chainmail_leggings":1},"minecraft:mined":{"mekanismgenerators:wind_generator":5,"minecraft:obsidian":42,"exnihilosequentia:oak_sieve":64,"twilightforest:twilight_oak_chest":1,"minecraft:nether_wart":17,"minecraft:spawner":6,"industrialforegoing:plant_gatherer":2,"minecraft:fire":13,"pipez:fluid_pipe":4,"minecraft:dirt_path":1,"minecraft:tripwire":2,"minecraft:brown_mushroom":3,"pipez:energy_pipe":7,"mekanism:enrichment_chamber":3,"forbidden_arcanus:cherry_flower_vines_plant":1,"exmachinis:flux_hammer":1,"ironfurnaces:iron_furnace":1,"minecraft:torch":1,"twilightforest:spiral_bricks":2,"minecraft:melon":2,"minecraft:dead_bush":3,"minecraft:wheat":6,"twilightforest:twilight_oak_planks":2,"minecraft:grass":103,"industrialforegoing:mob_slaughter_factory":1,"minecraft:red_mushroom_block":28,"functionalstorage:oak_1":4,"minecraft:nether_bricks":8,"minecraft:red_mushroom":3,"industrialforegoing:fluid_extractor":2,"twilightforest:twilight_oak_leaves":57,"ae2:quartz_ore":30,"minecraft:white_wool":9,"minecraft:soul_sand":5,"croptopia:apple_sapling":1,"minecraft:dandelion":11,"exmachinis:flux_sieve":2,"minecraft:campfire":1,"exnihilosequentia:fired_crucible":3,"minecraft:tall_grass":58,"mekanism:pressurized_reaction_chamber":2,"minecraft:coarse_dirt":3,"minecraft:cobblestone_wall":2,"minecraft:white_carpet":1,"minecraft:gravel":31,"minecraft:cobweb":7,"minecraft:stone_bricks":5,"minecraft:gold_ore":5,"minecraft:oak_sapling":2,"mekanism:electrolytic_separator":1,"industrialforegoing:plant_sower":1,"minecraft:grass_block":53,"mekanism:osmium_compressor":1,"cobblefordays:tier_1":4,"minecraft:glowstone":2,"minecraft:iron_ore":17,"exnihilosequentia:oak_barrel":5,"minecraft:poppy":4,"forbidden_arcanus:cherry_flower_vines":2,"minecraft:chest":4,"twilightforest:twilight_oak_log":76,"minecraft:mushroom_stem":10,"minecraft:cobblestone":129,"minecraft:oak_planks":25,"minecraft:oak_log":62,"minecraft:sand":8,"minecraft:dirt":39,"minecraft:oak_leaves":55,"exnihilosequentia:infested_leaves":221,"minecraft:red_carpet":1,"allthecompressed:cobblestone_block_1x":520,"minecraft:brown_mushroom_block":90,"minecraft:large_fern":7,"botania:purple_mushroom":1,"minecraft:furnace":2,"torcherino:torcherino":7,"botania:white_mushroom":1,"rftoolspower:coalgenerator":6,"mekanism:basic_fluid_tank":5,"minecraft:nether_brick_fence":1,"minecraft:bookshelf":126,"minecraft:stone":73,"twilightforest:root_strand":3,"exnihilosequentia:dust":3,"pipez:item_pipe":3,"minecraft:crafting_table":3,"exnihilosequentia:stone_barrel":2,"allthecompressed:gravel_block_1x":286,"allthecompressed:sand_block_1x":104,"mekanism:metallurgic_infuser":1,"minecraft:cactus":8,"cookingforblockheads:sink":2,"minecraft:coal_ore":1,"minecraft:mossy_stone_bricks":1}},"DataVersion":2975}