{"stats":{"minecraft:killed":{"minecraft:skeleton":21,"twilightforest:lich":2,"minecraft:magma_cube":15,"minecraft:zombie":28,"minecraft:zoglin":1,"twilightforest:death_tome":6,"twilightforest:kobold":1,"minecraft:spider":12,"minecraft:silverfish":1,"minecraft:creeper":4,"minecraft:blaze":18,"twilightforest:naga":1,"ars_nouveau:summon_wolf":14,"ars_nouveau:wilden_stalker":15,"ars_nouveau:wilden_hunter":15,"minecraft:wither_skeleton":22},"minecraft:broken":{"minecraft:wooden_shovel":1,"exnihilosequentia:wooden_crook":2,"twilightforest:ironwood_chestplate":1,"minecraft:chainmail_leggings":1,"minecraft:shield":2,"twilightforest:ironwood_boots":1,"minecraft:golden_leggings":1,"minecraft:stone_axe":1,"twilightforest:fiery_helmet":1,"exnihilosequentia:iron_hammer":3},"minecraft:dropped":{"sophisticatedbackpacks:iron_backpack":1,"industrialforegoing:plant_sower":1,"industrialforegoing:plastic":2,"mekanism:electrolytic_separator":4,"minecraft:clay":4,"exnihilosequentia:granite_pebble":5,"occultism:datura_seeds":3,"minecraft:lapis_lazuli":39,"minecraft:cooked_beef":17,"minecraft:glow_ink_sac":16,"minecraft:diamond":251,"integrateddynamics:menril_berries":26,"thermal:dynamo_magmatic":1,"exnihilosequentia:diamond_hammer":1,"mekanism:basic_control_circuit":13,"minecraft:leather_helmet":1,"minecraft:red_mushroom":9,"minecraft:red_carpet":1,"minecraft:emerald":1,"alltheores:osmium_ingot":26,"industrialforegoing:range_addon3":1,"minecraft:dirt":12,"exmachinis:flux_sieve":1,"constructionwand:iron_wand":4,"minecraft:raw_copper_block":9,"alltheores:raw_aluminum_block":1,"minecraft:yellow_dye":3,"exnihilosequentia:wooden_hammer":1,"industrialforegoing:laser_lens10":2,"mekanism:clump_iron":8,"sophisticatedbackpacks:netherite_backpack":1,"minecraft:writable_book":1,"projecte:philosophers_stone":8,"minecraft:bone_meal":70,"minecraft:sand":2,"thermal:peanut_seeds":1,"exnihilosequentia:tin_pieces":546,"ironchests:copper_chest":1,"ars_nouveau:wilden_horn":1,"twilightforest:steeleaf_chestplate":1,"minecraft:bone":64,"industrialforegoing:machine_frame_pity":2,"minecraft:stone_axe":1,"minecraft:ancient_debris":1,"minecraft:iron_nugget":5,"allthemodium:allthemodium_dust":1,"minecraft:cooked_chicken":7,"minecraft:golden_chestplate":1,"mekanismgenerators:gas_burning_generator":2,"exnihilosequentia:nickel_pieces":386,"minecraft:wheat":3,"minecraft:obsidian":44,"exnihilosequentia:copper_pieces":27,"tombstone:gift":1,"minecraft:rotten_flesh":10,"thermal:sawdust":1,"minecraft:oak_planks":54,"minecraft:glowstone_dust":28,"minecraft:blaze_powder":39,"thermal:strawberry_seeds":3,"twilightforest:knightmetal_axe":1,"thermal:sulfur_block":8,"mekanism:alloy_infused":100,"mekanism:bio_fuel":4,"integrateddynamics:menril_leaves":41,"mekanism:energy_tablet":2,"minecraft:coal_ore":2,"minecraft:charcoal":62,"mysticalagriculture:inferium_essence":2,"minecraft:leather_leggings":1,"exnihilosequentia:stone_pebble":4,"exnihilosequentia:carrot_seeds":1,"minecraft:painting":13,"minecraft:glass":225,"pipez:improved_upgrade":2,"mekanism:fluorite_gem":70,"minecraft:iron_ingot":215,"minecraft:golden_boots":1,"twilightforest:charm_of_keeping_1":1,"minecraft:black_dye":2,"minecraft:wheat_seeds":278,"pipez:basic_upgrade":2,"minecraft:iron_helmet":1,"minecraft:cobblestone":1994,"minecraft:book":52,"exmachinis:diamond_upgrade":4,"minecraft:apple":6,"mekanism:basic_chemical_tank":1,"minecraft:purple_dye":1,"minecraft:coal":40,"exnihilosequentia:fired_crucible":1,"minecraft:lava_bucket":1,"twilightforest:ironwood_axe":1,"tconstruct:necrotic_bone":1,"tconstruct:blaze_head":1,"projecte:aeternalis_fuel":3,"exnihilosequentia:aluminum_pieces":407,"twilightforest:twilight_oak_planks":1,"projecte:dark_matter":4,"exnihilosequentia:blackstone_pebble":1,"alltheores:raw_aluminum":14,"thermal:radish_seeds":2,"minecraft:paper":47,"minecraft:string":171,"mekanism:advanced_control_circuit":9,"reliquary:rib_bone":6,"ars_nouveau:caster_tome":4,"mekanism:pressurized_reaction_chamber":3,"tombstone:familiar_stone":1,"minecraft:player_head":2,"mekanism:thermal_evaporation_block":1,"minecraft:netherite_ingot":1,"thermal:apatite":130,"minecraft:stone_sword":1,"minecraft:smooth_stone_slab":2,"twilightforest:steeleaf_sword":1,"mekanism:crusher":1,"mekanism:ultimate_pressurized_tube":1,"minecraft:stone_shovel":1,"minecraft:clay_ball":18,"industrialforegoing:ore_laser_base":2,"mysticalagriculture:fertilized_essence":1,"exnihilosequentia:gold_pieces":11,"functionalstorage:oak_1":1,"pipez:item_pipe":35,"minecraft:stone":19,"pipez:energy_pipe":39,"minecraft:bundle":1,"minecraft:diamond_pickaxe":1,"industrialforegoing:laser_lens12":7,"darkutils:tome_pigpen":1,"torcherino:torcherino":4,"minecraft:stone_bricks":8,"minecraft:bow":1,"minecraft:magenta_dye":1,"mekanism:ingot_steel":3,"pipez:wrench":1,"mekanism:ingot_refined_obsidian":2,"ae2:certus_quartz_crystal":4,"alltheores:steel_ingot":17,"minecraft:terracotta":1,"minecraft:soul_sand":1,"minecraft:brown_mushroom":30,"allthemodium:allthemodium_axe":1,"minecraft:oak_log":36,"alltheores:raw_nickel":12,"minecraft:baked_potato":3,"exnihilosequentia:diorite_pebble":2,"minecraft:ender_pearl":4,"exnihilosequentia:jungle_seeds":2,"exnihilosequentia:iron_hammer":8,"minecraft:raw_gold_block":3,"mekanism:enriched_refined_obsidian":1,"minecraft:flint":610,"constructionwand:diamond_wand":7,"mekanism:purification_chamber":1,"industrialforegoing:latex_processing_unit":1,"twilightforest:ironwood_helmet":1,"industrialforegoing:dryrubber":1,"exnihilosequentia:stone_hammer":4,"ftbquests:book":4,"thermal:green_bean_seeds":2,"botania:magenta_mushroom":1,"allthemodium:allthemodium_ingot":1,"minecraft:gold_ingot":174,"minecraft:gravel":1008,"industrialforegoing:pink_slime_bucket":2,"spirit:broken_spawner":5,"mysticalagriculture:prudentium_essence":2,"ae2:fluix_dust":3,"exnihilosequentia:silkworm":52,"mysticalagriculture:wood_essence":1,"reliquary:mob_charm":1,"twilightforest:knightmetal_leggings":1,"patchouli:guide_book":2,"ae2:sky_dust":740,"mysticalagriculture:wood_seeds":1,"minecraft:poppy":2,"croptopia:apple_sapling":10,"minecraft:turtle_helmet":1,"minecraft:gunpowder":7,"exnihilomekanism:osmium_pieces":101,"thermal:cinnabar":296,"minecraft:chest":7,"twilightforest:steeleaf_pickaxe":1,"twilightforest:triple_bow":1,"minecraft:arrow":11,"mekanism:alloy_atomic":2,"minecraft:quartz":8,"immersiveengineering:seed":7,"exnihilosequentia:basalt_pebble":3,"cookingforblockheads:sink":2,"minecraft:stone_hoe":1,"minecraft:water_bucket":2,"minecraft:bread":119,"allthecompressed:gravel_block_1x":38,"minecraft:oak_slab":2,"mekanism:enriched_redstone":1,"minecraft:golden_helmet":3,"minecraft:cyan_dye":8,"minecraft:lead":3,"exnihilosequentia:iron_pieces":14,"exnihilosequentia:emerald_mesh":2,"allthecompressed:cobblestone_block_1x":410,"cobblefordays:tier_1":2,"exnihilosequentia:andesite_pebble":2,"thermal:barley_seeds":2,"industrialforegoing:machine_frame_simple":1,"exnihilosequentia:string_mesh":1,"minecraft:stick":24,"exmachinis:flux_hammer":1,"notenoughwands:illumination_wand":1,"mekanism:dust_refined_obsidian":1,"reliquary:withered_rib":5,"mekanism:enrichment_chamber":4,"twilightforest:spiral_bricks":2,"minecraft:torch":11,"tombstone:grave_key":2,"alltheores:iron_ore_hammer":2,"forbidden_arcanus:spawner_scrap":6,"tombstone:grave_dust":7,"exnihilosequentia:dust":650,"mekanism:enriched_diamond":1,"mekanism:basic_fluid_tank":4,"minecraft:iron_axe":3,"industrialforegoing:fluid_extractor":1,"industrialforegoing:meat_bucket":1,"minecraft:cactus":35,"allthecompressed:sand_block_1x":186,"minecraft:bucket":5,"wstweaks:fragment":4,"thermal:sulfur":481,"ars_nouveau:wilden_wing":6,"minecraft:dandelion":1,"minecraft:redstone":183,"industrialforegoing:mob_slaughter_factory":1,"mekanism:metallurgic_infuser":1,"forbidden_arcanus:mysterywood_sapling":1,"minecraft:weathered_copper":1,"minecraft:blaze_rod":4,"minecraft:raw_copper":5,"industrialforegoing:tinydryrubber":12,"mekanism:osmium_compressor":3,"minecraft:raw_iron":87,"twilightforest:twilight_scepter":1,"minecraft:iron_hoe":2,"exmachinis:gold_upgrade":3,"mekanism:alloy_reinforced":15,"exnihilosequentia:netherite_mesh":2,"minecraft:glass_pane":33,"exnihilosequentia:diamond_mesh":2,"twilightforest:mossy_etched_nagastone":1,"pipez:fluid_pipe":9,"industrialforegoing:latex_bucket":1,"mekanism:dirty_dust_iron":4,"exnihilosequentia:lead_pieces":298,"minecraft:mossy_stone_bricks":2,"minecraft:oak_sapling":4,"exnihilosequentia:silver_pieces":385,"ae2:certus_quartz_dust":144,"mekanism:chemical_infuser":2,"minecraft:stone_pickaxe":1,"minecraft:raw_gold":16,"rftoolspower:coalgenerator":2,"immersiveengineering:hemp_fiber":6,"thermal:niter":539,"twilightforest:twilight_oak_log":53,"industrialforegoing:plant_gatherer":2},"minecraft:mined":{"mekanismgenerators:wind_generator":11,"create:andesite_casing":1,"minecraft:obsidian":42,"exnihilosequentia:oak_sieve":64,"twilightforest:twilight_oak_chest":1,"minecraft:coal_block":1,"botania:black_double_flower":1,"mekanism:purification_chamber":2,"integrateddynamics:menril_log":90,"minecraft:oxeye_daisy":1,"minecraft:hopper":1,"minecraft:nether_wart":17,"minecraft:spawner":6,"industrialforegoing:plant_gatherer":2,"minecraft:fire":15,"pipez:fluid_pipe":22,"mekanism:chemical_washer":1,"minecraft:dirt_path":1,"minecraft:tripwire":2,"minecraft:brown_mushroom":3,"pipez:energy_pipe":34,"mekanism:enrichment_chamber":7,"forbidden_arcanus:cherry_flower_vines_plant":1,"exmachinis:flux_hammer":2,"ironfurnaces:iron_furnace":7,"minecraft:torch":1,"mekanism:ultimate_pressurized_tube":6,"twilightforest:spiral_bricks":2,"minecraft:melon":4,"minecraft:dead_bush":3,"minecraft:glass":20,"minecraft:wheat":12,"twilightforest:twilight_oak_planks":41,"minecraft:grass":103,"industrialforegoing:mob_slaughter_factory":2,"create:hand_crank":3,"integrateddynamics:menril_leaves":43,"minecraft:red_mushroom_block":28,"botania:magenta_mushroom":1,"ae2:charger":1,"functionalstorage:oak_1":4,"notenoughwands:light":2,"minecraft:nether_bricks":18,"minecraft:allium":1,"mekanism:basic_chemical_tank":2,"minecraft:red_mushroom":3,"industrialforegoing:fluid_extractor":2,"twilightforest:canopy_planks":1,"twilightforest:twilight_oak_leaves":57,"mekanismgenerators:gas_burning_generator":1,"mekanism:chemical_crystallizer":1,"integrateddynamics:drying_basin":1,"ae2:quartz_ore":30,"minecraft:white_wool":9,"mekanism:crusher":2,"minecraft:soul_sand":5,"minecraft:lily_of_the_valley":1,"croptopia:apple_sapling":1,"minecraft:dandelion":11,"exmachinis:flux_sieve":2,"minecraft:campfire":1,"exnihilosequentia:fired_crucible":3,"minecraft:tall_grass":63,"projecte:aeternalis_fuel_block":1,"thermal:green_bean":1,"minecraft:coarse_dirt":3,"mekanism:pressurized_reaction_chamber":6,"minecraft:cobblestone_wall":15,"minecraft:white_carpet":1,"minecraft:gravel":31,"minecraft:cobweb":7,"minecraft:stone_bricks":32,"minecraft:gold_ore":5,"minecraft:oak_sapling":2,"industrialforegoing:plant_sower":1,"mekanism:electrolytic_separator":15,"mekanism:chemical_infuser":8,"minecraft:grass_block":76,"pipez:gas_pipe":15,"integrateddynamics:squeezer":1,"mekanism:rotary_condensentrator":1,"mekanism:osmium_compressor":5,"cobblefordays:tier_1":7,"minecraft:glowstone":2,"minecraft:iron_ore":17,"industrialforegoing:ore_laser_base":2,"exnihilosequentia:oak_barrel":7,"sophisticatedstorage:chest":2,"mekanism:thermal_evaporation_valve":5,"industrialforegoing:laser_drill":9,"mysticalagriculture:inferium_crop":2,"forbidden_arcanus:cherry_flower_vines":2,"minecraft:poppy":4,"minecraft:chest":4,"twilightforest:twilight_oak_log":76,"minecraft:mushroom_stem":10,"minecraft:cobblestone":218,"minecraft:oak_planks":32,"torcherino:compressed_torcherino":2,"twilightforest:root":2,"minecraft:orange_tulip":1,"integrateddynamics:menril_log_filled":10,"minecraft:oak_log":62,"mekanism:chemical_oxidizer":1,"minecraft:sand":8,"minecraft:dirt":42,"minecraft:oak_leaves":164,"exnihilosequentia:infested_leaves":221,"minecraft:red_carpet":1,"allthecompressed:cobblestone_block_1x":520,"torchmaster:megatorch":2,"torcherino:wall_torcherino":2,"minecraft:weathered_copper":1,"minecraft:brown_mushroom_block":90,"mekanism:chemical_dissolution_chamber":2,"minecraft:large_fern":9,"botania:purple_mushroom":2,"torcherino:torcherino":18,"minecraft:furnace":2,"immersiveengineering:hemp":1,"botania:white_mushroom":1,"mekanism:thermal_evaporation_controller":2,"rftoolspower:coalgenerator":9,"mekanism:basic_fluid_tank":13,"minecraft:nether_brick_fence":1,"minecraft:bookshelf":126,"mekanism:chemical_injection_chamber":2,"minecraft:stone":75,"twilightforest:root_strand":3,"mekanism:thermal_evaporation_block":62,"pipez:item_pipe":38,"exnihilosequentia:dust":3,"minecraft:crafting_table":3,"exnihilosequentia:stone_barrel":6,"allthecompressed:gravel_block_1x":286,"allthecompressed:sand_block_1x":104,"mekanism:metallurgic_infuser":3,"minecraft:cactus":10,"cookingforblockheads:sink":6,"elevatorid:elevator_white":4,"minecraft:coal_ore":1,"minecraft:polished_andesite":2,"minecraft:mossy_stone_bricks":1},"minecraft:custom":{"minecraft:interact_with_crafting_table":178,"minecraft:leave_game":22,"minecraft:time_since_death":2547,"minecraft:damage_blocked_by_shield":6740,"minecraft:play_time":1545302,"minecraft:deaths":42,"tombstone:tomb_raiding":1,"minecraft:jump":10390,"minecraft:interact_with_furnace":396,"minecraft:traded_with_villager":2,"minecraft:sleep_in_bed":24,"minecraft:damage_dealt":35012,"tombstone:undead_killed":74,"minecraft:horse_one_cm":42197,"minecraft:interact_with_smithing_table":4,"minecraft:inspect_hopper":12,"minecraft:sneak_time":60661,"minecraft:total_world_time":1548991,"minecraft:time_since_rest":2633,"minecraft:use_wand":1188,"minecraft:swim_one_cm":11345,"minecraft:fly_one_cm":2382541,"minecraft:open_chest":2085,"minecraft:fall_one_cm":190400,"minecraft:animals_bred":2,"twilightforest:torchberries_harvested":1,"minecraft:sprint_one_cm":3168681,"minecraft:drop":1227,"minecraft:talked_to_villager":14,"minecraft:walk_on_water_one_cm":28303,"minecraft:player_kills":11,"minecraft:crouch_one_cm":205247,"minecraft:mob_kills":198,"minecraft:damage_dealt_resisted":795,"minecraft:climb_one_cm":2160,"minecraft:walk_one_cm":3511257,"minecraft:walk_under_water_one_cm":45692,"minecraft:damage_taken":21350},"minecraft:used":{"ae2:charger":1,"minecraft:poppy":5,"rftoolspower:coalgenerator":8,"minecraft:chest":17,"minecraft:stone":7,"industrialforegoing:mob_slaughter_factory":3,"minecraft:soul_sand":3,"minecraft:lily_of_the_valley":1,"mekanism:ultimate_pressurized_tube":9,"integrateddynamics:mechanical_squeezer":1,"minecraft:lava_bucket":4,"twilightforest:twilight_oak_planks":7,"ironfurnaces:iron_furnace":7,"minecraft:oak_sapling":14,"minecraft:furnace":3,"exnihilosequentia:stone_pebble":33,"mekanismgenerators:gas_burning_generator":2,"ironchests:copper_chest":1,"minecraft:egg":2,"industrialforegoing:laser_drill":13,"ironchests:iron_chest":1,"minecraft:cactus":5,"occultism:datura_seeds":1,"minecraft:orange_tulip":1,"exnihilosequentia:diamond_hammer":130,"twilightforest:steeleaf_sword":1,"exnihilosequentia:stone_barrel":9,"exnihilosequentia:oak_sieve":73,"mekanism:chemical_dissolution_chamber":2,"elevatorid:elevator_white":7,"minecraft:sand":9,"integrateddynamics:menril_berries":3,"sophisticatedstorage:basic_to_iron_tier_upgrade":1,"mekanism:thermal_evaporation_controller":3,"mekanism:rotary_condensentrator":2,"sophisticatedstorage:chest":63,"sophisticatedstorage:gold_to_diamond_tier_upgrade":1,"industrialforegoing:dissolution_chamber":2,"minecraft:coal_block":1,"allthecompressed:cobblestone_block_1x":676,"minecraft:smithing_table":1,"twilightforest:twilight_oak_log":1,"exmachinis:flux_sieve":3,"exnihilosequentia:wooden_hammer":16,"farmingforblockheads:market":1,"notenoughwands:illumination_wand":11,"minecraft:torch":47,"mekanism:osmium_compressor":6,"integrateddynamics:menril_sapling":11,"mekanism:chemical_oxidizer":2,"minecraft:iron_axe":26,"mekanism:purification_chamber":3,"carryon:entity_item":90,"thermal:green_bean":12,"torcherino:torcherino":19,"cobblefordays:tier_1":7,"constructionwand:diamond_wand":144,"tombstone:gift":1,"torchmaster:megatorch":3,"sophisticatedbackpacks:gold_backpack":1,"torcherino:compressed_torcherino":2,"forbidden_arcanus:cherrywood_sapling":1,"minecraft:wheat_seeds":2,"allthecompressed:sand_block_1x":110,"twilightforest:ironwood_chestplate":1,"minecraft:water_bucket":37,"exnihilosequentia:granite_pebble":14,"thermal:machine_pulverizer":1,"integrateddynamics:drying_basin":2,"twilightforest:twilight_oak_sapling":1,"minecraft:crafting_table":5,"minecraft:oak_slab":1,"croptopia:apple_sapling":4,"minecraft:white_bed":2,"minecraft:campfire":1,"mekanism:thermal_evaporation_valve":10,"minecraft:oak_log":2,"minecraft:diamond_pickaxe":549,"exnihilosequentia:oak_barrel":9,"minecraft:cobblestone":1374,"allthecompressed:gravel_block_1x":352,"minecraft:dandelion":17,"mekanism:resistive_heater":1,"mekanism:thermal_evaporation_block":121,"immersiveengineering:seed":1,"mekanism:basic_fluid_tank":18,"minecraft:shield":144,"industrialforegoing:ore_laser_base":3,"create:cogwheel":1,"minecraft:nether_bricks":8,"mekanism:chemical_injection_chamber":3,"mysticalagriculture:inferium_seeds":2,"minecraft:obsidian":17,"integrateddynamics:squeezer":1,"minecraft:coal_ore":2,"ironfurnaces:obsidian_furnace":1,"chargers:charger_t1":1,"mekanismgenerators:wind_generator":13,"create:millstone":1,"minecraft:stone_bricks":88,"carryon:tile_item":30,"farmersdelight:cutting_board":1,"pipez:item_pipe":70,"twilightforest:fiery_sword":453,"minecraft:oak_planks":19,"mekanism:chemical_washer":1,"industrialforegoing:fluid_extractor":3,"sophisticatedstorage:diamond_to_netherite_tier_upgrade":1,"minecraft:redstone_block":1,"integrateddynamics:menril_log":1,"minecraft:diamond_axe":455,"minecraft:shears":152,"sophisticatedstorage:basic_tier_upgrade":2,"thermal:flax_seeds":1,"minecraft:lever":1,"sophisticatedstorage:iron_to_gold_tier_upgrade":1,"sophisticatedbackpacks:backpack":1,"mekanism:crusher":3,"minecraft:melon_slice":12,"minecraft:string":2,"minecraft:bread":191,"mekanism:metallurgic_infuser":4,"minecraft:gravel":29,"exmachinis:flux_hammer":3,"tombstone:familiar_stone":3,"exnihilosequentia:stone_hammer":123,"functionalstorage:oak_1":7,"exnihilosequentia:silkworm":1,"minecraft:coarse_dirt":1,"twilightforest:twilight_oak_chest":1,"minecraft:bone_meal":38,"twilightforest:canopy_planks":1,"cookingforblockheads:sink":8,"minecraft:flint_and_steel":1,"mekanism:enrichment_chamber":7,"sophisticatedbackpacks:iron_backpack":1,"minecraft:stone_shovel":3,"minecraft:stone_hoe":8,"minecraft:dirt":52,"minecraft:white_carpet":47,"minecraft:hopper":1,"minecraft:cobblestone_wall":182,"industrialforegoing:plant_sower":2,"spirit:broken_spawner":1,"minecraft:stone_brick_slab":13,"minecraft:iron_hoe":171,"thermal:tomato":1,"exnihilosequentia:andesite_pebble":17,"exnihilosequentia:wooden_crook":264,"allthemodium:allthemodium_axe":113,"mekanism:electrolytic_separator":18,"minecraft:cooked_beef":19,"mekanism:pressurized_reaction_chamber":5,"pipez:fluid_pipe":58,"exnihilosequentia:fired_crucible":2,"minecraft:cobblestone_stairs":15,"minecraft:baked_potato":3,"minecraft:copper_block":1,"exnihilosequentia:diorite_pebble":19,"minecraft:brown_mushroom":1,"mekanism:chemical_infuser":11,"industrialforegoing:latex_processing_unit":1,"twilightforest:canopy_log":2,"minecraft:painting":10,"mekanism:basic_chemical_tank":2,"exnihilosequentia:iron_hammer":949,"minecraft:apple":23,"industrialforegoing:pink_slime_bucket":3,"mekanism:chemical_crystallizer":1,"thermal:green_bean_seeds":1,"minecraft:stone_axe":105,"mekanism:elite_thermodynamic_conductor":1,"pipez:gas_pipe":31,"projecte:philosophers_stone":72,"create:hand_crank":4,"exnihilosequentia:basalt_pebble":5,"exnihilosequentia:blackstone_pebble":34,"thermal:tomato_seeds":1,"minecraft:bucket":39,"industrialforegoing:plant_gatherer":3,"pipez:energy_pipe":64,"minecraft:chainmail_leggings":1},"minecraft:picked_up":{"notenoughwands:illumination_wand":1,"alltheores:raw_aluminum_block":1,"exnihilomekanism:osmium_pieces":217,"botania:black_double_flower":1,"minecraft:lead":5,"minecraft:diamond_sword":1,"minecraft:enchanted_book":1,"exnihilosequentia:andesite_pebble":126,"exnihilosequentia:dark_oak_seeds":1,"minecraft:golden_sword":1,"mysticalagriculture:prosperity_seed_base":1,"exnihilosequentia:flint_mesh":17,"myrtrees:rubberwood_sapling":2,"minecraft:string":598,"thermal:barley_seeds":4,"pipez:energy_pipe":111,"industrialforegoing:pink_slime_bucket":2,"mysticalagriculture:inferium_essence":5,"minecraft:gold_nugget":1,"exnihilosequentia:oak_sieve":66,"integrateddynamics:menril_sapling":11,"darkutils:tome_pigpen":1,"minecraft:coal_block":15,"minecraft:melon_slice":23,"wstweaks:fragment":35,"minecraft:golden_helmet":2,"immersiveengineering:shader_bag_epic":1,"create:andesite_casing":1,"potionsmaster:bezoar":1,"projecte:dark_matter":3,"mysticalagriculture:inferium_seeds":5,"minecraft:golden_chestplate":1,"thermal:apatite":710,"exnihilosequentia:wooden_crook":1,"minecraft:stone_sword":1,"minecraft:blue_dye":1,"thermal:radish_seeds":2,"twilightforest:knightmetal_leggings":1,"mysticalagriculture:prudentium_essence":4,"mekanism:basic_fluid_tank":20,"minecraft:blaze_rod":8,"croptopia:apple_sapling":6,"minecraft:feather":2,"minecraft:cooked_beef":4,"industrialforegoing:range_addon3":2,"minecraft:water_bucket":3,"integrateddynamics:crystalized_menril_chunk":14,"torcherino:torcherino":22,"mekanism:chemical_dissolution_chamber":2,"minecraft:flint":2760,"exnihilosequentia:gold_pieces":405,"mekanism:alloy_reinforced":6,"twilightforest:canopy_sapling":2,"pipez:fluid_pipe":68,"mekanism:chemical_crystallizer":1,"ftbquests:book":4,"projecte:philosophers_stone":7,"sophisticatedstorage:chest":3,"allthecompressed:cobblestone_block_1x":195,"minecraft:glowstone_dust":63,"exnihilosequentia:jungle_seeds":4,"mekanism:chemical_oxidizer":1,"mekanism:chemical_infuser":12,"mekanism:metallurgic_infuser":5,"exnihilosequentia:iron_mesh":31,"patchouli:guide_book":2,"exmachinis:flux_hammer":3,"ae2:certus_quartz_crystal":4,"twilightforest:canopy_log":2,"sophisticatedbackpacks:iron_backpack":2,"thermal:onion_seeds":2,"exnihilosequentia:silkworm":155,"mekanism:dirty_netherite_scrap":3,"ars_nouveau:wilden_horn":1,"minecraft:bundle":1,"minecraft:iron_hoe":2,"minecraft:polished_andesite":3,"twilightforest:charm_of_keeping_1":2,"minecraft:writable_book":1,"mekanism:chemical_washer":1,"industrialforegoing:laser_lens4":6,"exnihilosequentia:silver_pieces":700,"minecraft:bread":199,"industrialforegoing:latex_bucket":1,"thermal:sawdust":1,"twilightforest:ironwood_helmet":1,"minecraft:diamond_pickaxe":3,"minecraft:crafting_table":3,"alltheores:osmium_ingot":13,"minecraft:coarse_dirt":1,"mekanism:thermal_evaporation_controller":3,"minecraft:nether_wart":20,"twilightforest:ironwood_axe":1,"mekanism:alloy_infused":50,"twilightforest:fiery_sword":1,"twilightforest:steeleaf_sword":1,"mekanism:pressurized_reaction_chamber":8,"minecraft:white_carpet":1,"industrialforegoing:mob_slaughter_factory":2,"minecraft:glass_pane":21,"integrateddynamics:menril_berries":35,"thermal:niter":949,"twilightforest:naga_scale":6,"minecraft:poppy":8,"minecraft:chest":6,"minecraft:raw_copper_block":3,"minecraft:egg":2,"minecraft:stone":3,"reliquary:rib_bone":1,"pipez:item_pipe":109,"botania:purple_mushroom":2,"sophisticatedbackpacks:backpack":1,"exnihilosequentia:granite_pebble":112,"minecraft:redstone":290,"exmachinis:flux_sieve":3,"exnihilosequentia:stone_pebble":593,"exnihilosequentia:diamond_mesh":4,"mekanism:crusher":4,"exnihilosequentia:carrot_seeds":1,"minecraft:beetroot_seeds":13,"exmachinis:gold_upgrade":7,"industrialforegoing:plant_gatherer":3,"minecraft:diamond_boots":1,"mekanism:osmium_compressor":7,"mekanism:chemical_injection_chamber":2,"alltheores:iron_dust":128,"minecraft:gold_ingot":146,"industrialforegoing:laser_lens10":2,"exnihilosequentia:stone_barrel":8,"minecraft:mutton":1,"minecraft:oxeye_daisy":1,"minecraft:white_wool":34,"exnihilosequentia:basalt_pebble":105,"ae2:fluix_dust":5,"rftoolspower:coalgenerator":10,"minecraft:yellow_dye":9,"mekanismgenerators:gas_burning_generator":3,"croptopia:glowing_calamari":7,"minecraft:red_mushroom":13,"ars_nouveau:wilden_wing":6,"minecraft:oak_log":82,"minecraft:ancient_debris":1,"exnihilosequentia:iron_pieces":1082,"minecraft:paper":47,"industrialforegoing:dryrubber":1,"exnihilosequentia:diamond_hammer":1,"pipez:basic_upgrade":3,"minecraft:stone_bricks":37,"sophisticatedstorage:basic_tier_upgrade":1,"exnihilosequentia:aluminum_pieces":701,"minecraft:apple":46,"twilightforest:ironwood_sword":1,"minecraft:iron_ore":3,"exnihilosequentia:oak_seeds":1,"mysticalagriculture:wood_essence":1,"torcherino:compressed_torcherino":2,"elevatorid:elevator_white":4,"allthemodium:allthemodium_dust":1,"twilightforest:triple_bow":1,"thermal:strawberry_seeds":3,"industrialforegoing:plastic":44,"minecraft:weathered_copper":1,"minecraft:gravel":294,"exnihilosequentia:stone_hammer":4,"exnihilosequentia:birch_seeds":2,"exnihilosequentia:oak_barrel":8,"minecraft:leather_helmet":1,"cookingforblockheads:sink":7,"immersiveengineering:seed":28,"minecraft:stone_axe":1,"twilightforest:raw_ironwood":4,"minecraft:diamond_axe":1,"minecraft:painting":37,"create:rose_quartz":6,"minecraft:melon_seeds":10,"twilightforest:spiral_bricks":2,"thermal:amaranth_seeds":1,"thermal:machine_pulverizer":1,"exnihilosequentia:copper_pieces":579,"minecraft:hopper":1,"minecraft:ender_pearl":5,"ars_nouveau:caster_tome":4,"minecraft:wheat":5,"minecraft:redstone_block":23,"mekanism:alloy_atomic":2,"constructionwand:diamond_wand":5,"mekanism:electrolytic_separator":21,"minecraft:nether_brick_fence":1,"industrialforegoing:plant_sower":2,"minecraft:nether_brick":40,"tombstone:grave_key":2,"forbidden_arcanus:mysterywood_sapling":1,"integrateddynamics:menril_log":100,"projecte:aeternalis_fuel":1,"spirit:broken_spawner":6,"minecraft:smooth_stone_slab":2,"thermal:sulfur":932,"cobblefordays:tier_1":8,"thermal:tomato":1,"minecraft:bucket":8,"mekanism:purification_chamber":3,"exnihilosequentia:emerald_mesh":2,"minecraft:redstone_torch":4,"alltheores:iron_ore_hammer":2,"thermal:sulfur_block":8,"minecraft:furnace":1,"pipez:improved_upgrade":1,"minecraft:stick":76,"apotheosis:gem":2,"exnihilosequentia:large_fern_seeds":1,"minecraft:torch":15,"exnihilosequentia:iron_hammer":7,"allthemodium:allthemodium_axe":1,"tombstone:grave_dust":12,"mekanism:energy_tablet":2,"thermal:flax_seeds":1,"pipez:wrench":3,"industrialforegoing:machine_frame_simple":1,"minecraft:cactus":49,"minecraft:rotten_flesh":51,"exnihilosequentia:sugarcane_seeds":1,"minecraft:obsidian":81,"minecraft:blaze_powder":72,"minecraft:cobblestone":1940,"occultism:datura_seeds":7,"exnihilosequentia:blackstone_pebble":121,"minecraft:magma_cream":2,"twilightforest:twilight_oak_log":103,"minecraft:golden_leggings":1,"twilightforest:fiery_helmet":1,"exnihilosequentia:string_mesh":3,"botania:magenta_mushroom":1,"minecraft:wither_skeleton_skull":1,"exnihilosequentia:tin_pieces":887,"minecraft:lapis_lazuli":301,"exnihilosequentia:netherite_mesh":1,"minecraft:dirt":106,"constructionwand:iron_wand":4,"immersiveengineering:hemp_fiber":10,"exnihilosequentia:fired_crucible":2,"minecraft:glass":149,"minecraft:bone":43,"minecraft:bow":1,"minecraft:wheat_seeds":51,"minecraft:orange_tulip":1,"minecraft:raw_gold":9,"industrialforegoing:laser_drill":9,"exnihilosequentia:grass_seeds":3,"minecraft:mossy_stone_bricks":2,"minecraft:oak_planks":53,"ironfurnaces:iron_furnace":7,"exnihilosequentia:lead_pieces":679,"exmachinis:diamond_upgrade":2,"tconstruct:necrotic_bone":14,"mekanism:rotary_condensentrator":1,"ae2:charger":1,"allthecompressed:sand_block_1x":353,"allthecompressed:gravel_block_1x":716,"torchmaster:megatorch":2,"minecraft:sand":37,"integrateddynamics:squeezer":1,"allthecompressed:gravel_block_2x":7,"minecraft:lily_of_the_valley":1,"mekanism:basic_control_circuit":11,"twilightforest:mossy_etched_nagastone":1,"alltheores:raw_nickel":18,"forbidden_arcanus:ender_pearl_fragment":3,"twilightforest:twilight_scepter":1,"minecraft:clay":70,"twilightforest:twilight_oak_sapling":15,"tombstone:familiar_stone":1,"minecraft:diamond":150,"alltheores:raw_aluminum":14,"minecraft:bone_meal":207,"minecraft:golden_apple":1,"twilightforest:knightmetal_helmet":1,"mekanism:advanced_control_circuit":1,"minecraft:emerald":121,"minecraft:oak_sapling":76,"industrialforegoing:laser_lens12":13,"minecraft:oak_leaves":100,"reliquary:withered_rib":5,"functionalstorage:oak_1":5,"minecraft:charcoal":191,"mekanism:clump_iron":4,"minecraft:allium":1,"twilightforest:ironwood_boots":1,"botania:white_mushroom":1,"minecraft:turtle_helmet":2,"industrialforegoing:fluid_extractor":3,"minecraft:brown_mushroom":38,"thermal:cinnabar":797,"minecraft:shield":3,"minecraft:iron_axe":4,"exnihilosequentia:potato_seeds":2,"exnihilosequentia:dust":1139,"industrialforegoing:meat_bucket":1,"minecraft:player_head":1,"exnihilosequentia:cactus_seeds":3,"minecraft:raw_iron":86,"mekanism:dirty_dust_iron":4,"thermal:dynamo_magmatic":2,"twilightforest:twilight_oak_chest":1,"minecraft:copper_ingot":3,"twilightforest:knightmetal_axe":1,"exnihilosequentia:diorite_pebble":115,"create:hand_crank":3,"thermal:green_bean":1,"mekanism:thermal_evaporation_block":122,"exnihilosequentia:nickel_pieces":711,"thermal:peanut_seeds":1,"exnihilosequentia:bamboo_seeds":2,"minecraft:arrow":33,"twilightforest:etched_nagastone":3,"ae2:certus_quartz_dust":218,"projecte:aeternalis_fuel_block":1,"minecraft:nether_bricks":18,"forbidden_arcanus:spawner_scrap":6,"minecraft:purple_dye":1,"integrateddynamics:drying_basin":1,"minecraft:glow_ink_sac":16,"integrateddynamics:menril_leaves":42,"minecraft:leather":2,"ironchests:copper_chest":1,"exnihilosequentia:acacia_seeds":1,"minecraft:cobblestone_wall":12,"minecraft:gunpowder":67,"ironfurnaces:upgrade_iron":1,"twilightforest:twilight_oak_planks":40,"mekanism:enrichment_chamber":11,"minecraft:red_carpet":1,"ae2:sky_dust":567,"pipez:gas_pipe":15,"industrialforegoing:latex_processing_unit":1,"minecraft:iron_ingot":106,"industrialforegoing:tinydryrubber":12,"thermal:tomato_seeds":3,"minecraft:soul_sand":4,"minecraft:book":423,"mekanism:ingot_steel":2,"minecraft:oak_slab":2,"industrialforegoing:machine_frame_pity":2,"mekanism:ultimate_pressurized_tube":7,"minecraft:stone_brick_slab":1,"minecraft:quartz":8,"minecraft:dandelion":17,"mekanism:thermal_evaporation_valve":10,"mekanism:basic_chemical_tank":3,"minecraft:lava_bucket":1,"mysticalagriculture:wood_seeds":1,"thermal:green_bean_seeds":5,"twilightforest:knightmetal_sword":1,"industrialforegoing:ore_laser_base":4,"minecraft:mossy_stone_brick_slab":1,"mekanismgenerators:wind_generator":12,"ironchests:iron_chest":1,"minecraft:pumpkin_seeds":3,"minecraft:chainmail_leggings":2,"minecraft:iron_helmet":1,"mekanism:fluorite_gem":79,"minecraft:terracotta":1,"tombstone:magic_scroll":2,"twilightforest:steeleaf_pickaxe":1,"minecraft:coal":734},"minecraft:killed_by":{"minecraft:zoglin":2,"ars_nouveau:wilden_hunter":6,"minecraft:zombie":3,"ars_nouveau:summon_wolf":1,"minecraft:wolf":1,"twilightforest:naga":1,"minecraft:wither_skeleton":2,"minecraft:player":5,"minecraft:skeleton":5},"minecraft:crafted":{"minecraft:black_dye":4,"pipez:wrench":1,"allthemodium:allthemodium_rod":2,"pipez:item_pipe":16,"ironfurnaces:iron_furnace":1,"minecraft:lever":1,"exnihilosequentia:unfired_crucible":10,"ironfurnaces:diamond_furnace":1,"sophisticatedstorage:stack_upgrade_tier_1":1,"sophisticatedstorage:stack_upgrade_tier_3":1,"sophisticatedstorage:gold_to_diamond_tier_upgrade":1,"minecraft:iron_bars":16,"exnihilosequentia:stone_barrel":3,"minecraft:glass":102,"exnihilosequentia:netherite_mesh":1,"alltheores:iron_gear":2,"sophisticatedstorage:stack_upgrade_tier_4":1,"industrialforegoing:plant_sower":1,"integrateddynamics:mechanical_squeezer":1,"create:cogwheel":2,"minecraft:magenta_dye":1,"minecraft:flower_pot":1,"torchmaster:megatorch":1,"projecte:dark_matter":1,"mekanism:ultimate_pressurized_tube":8,"minecraft:wooden_shovel":1,"minecraft:emerald":306,"minecraft:diamond_axe":1,"minecraft:gravel":6303,"alltheores:raw_tin":19,"projecte:philosophers_stone":3,"minecraft:smithing_table":1,"minecraft:clock":4,"exnihilosequentia:fired_crucible":10,"minecraft:copper_ingot":45,"industrialforegoing:dissolution_chamber":2,"minecraft:campfire":1,"allthecompressed:gravel_block_1x":63,"mekanism:advanced_pressurized_tube":8,"sophisticatedstorage:compression_upgrade":1,"industrialforegoing:laser_lens12":1,"industrialforegoing:fluid_extractor":1,"notenoughwands:wand_core":2,"minecraft:stone_slab":6,"minecraft:iron_block":9,"minecraft:light_gray_dye":1,"minecraft:gold_ingot":154,"farmingforblockheads:market":1,"minecraft:netherite_ingot":5,"minecraft:stone_shovel":1,"sophisticatedstorage:basic_tier_upgrade":3,"sophisticatedstorage:advanced_compacting_upgrade":1,"minecraft:iron_nugget":45,"chargers:charger_t1":1,"exnihilosequentia:porcelain_clay":71,"exmachinis:gold_upgrade":9,"industrialforegoing:dryrubber":35,"integrateddynamics:menril_planks":8,"exnihilosequentia:emerald_mesh":1,"minecraft:white_carpet":48,"thermal:sulfur":234,"mekanism:basic_pressurized_tube":8,"exnihilosequentia:iron_mesh":15,"industrialforegoing:plant_gatherer":2,"botania:black_petal":4,"ironfurnaces:emerald_furnace":1,"minecraft:terracotta":35,"minecraft:diamond":232,"sophisticatedstorage:upgrade_base":4,"twilightforest:twilight_oak_planks":124,"minecraft:ender_pearl":4,"twilightforest:canopy_planks":20,"alltheores:steel_ingot":6,"minecraft:redstone_block":10,"alltheores:nickel_dust":7,"minecraft:coal_block":9,"industrialforegoing:laser_drill":4,"constructionwand:diamond_wand":4,"sophisticatedstorage:diamond_to_netherite_tier_upgrade":1,"alltheores:raw_aluminum_block":1,"torcherino:torcherino":1,"alltheores:invar_ingot":21,"allthecompressed:cobblestone_block_1x":806,"sophisticatedbackpacks:gold_backpack":2,"minecraft:bone":25,"exnihilosequentia:diamond_hammer":2,"minecraft:cobblestone":595,"sophisticatedstorage:filter_upgrade":1,"industrialforegoing:latex_processing_unit":1,"minecraft:white_bed":2,"create:shaft":8,"allthecompressed:sand_block_1x":2,"industrialforegoing:plastic":35,"exnihilosequentia:string_mesh":15,"minecraft:brick":3,"ironchests:copper_chest":1,"minecraft:oak_planks":372,"forbidden_arcanus:mysterywood_sapling":1,"alltheores:iron_ore_hammer":1,"minecraft:sand":90,"minecraft:cobblestone_stairs":44,"minecraft:stone":42,"pipez:fluid_pipe":16,"minecraft:green_dye":10,"minecraft:stone_brick_slab":12,"minecraft:hopper":3,"thermal:sulfur_block":72,"thermal:dynamo_magmatic":1,"industrialforegoing:laser_lens4":6,"minecraft:raw_copper":86,"exnihilosequentia:diamond_mesh":2,"darkutils:tome_pigpen":1,"exmachinis:diamond_upgrade":3,"minecraft:cyan_terracotta":24,"minecraft:chest":26,"industrialforegoing:gold_gear":15,"minecraft:copper_block":1,"alltheores:raw_lead":16,"alltheores:invar_gear":1,"alltheores:gold_gear":4,"minecraft:stone_hoe":1,"minecraft:stone_bricks":128,"minecraft:raw_iron_block":8,"integrateddynamics:squeezer":1,"minecraft:dropper":2,"minecraft:oak_slab":18,"industrialforegoing:ore_laser_base":1,"minecraft:crafting_table":2,"projecte:mobius_fuel":4,"ironfurnaces:obsidian_furnace":1,"minecraft:red_wool":1,"minecraft:gold_block":5,"cobblefordays:tier_1":1,"farmersdelight:cutting_board":1,"minecraft:emerald_block":27,"minecraft:diamond_pickaxe":1,"minecraft:charcoal":320,"minecraft:purple_dye":1,"sophisticatedbackpacks:diamond_backpack":2,"minecraft:light_weighted_pressure_plate":1,"minecraft:stick":328,"minecraft:iron_ingot":616,"minecraft:redstone_torch":74,"mekanism:elite_pressurized_tube":8,"allthemodium:allthemodium_plate":3,"minecraft:shears":1,"exmachinis:flux_sieve":1,"ae2:charger":1,"croptopia:apple_sapling":5,"minecraft:redstone":144,"minecraft:raw_iron":275,"minecraft:coal":88,"ironfurnaces:gold_furnace":1,"alltheores:invar_dust":21,"minecraft:furnace":1,"industrialforegoing:fluid_laser_base":1,"minecraft:piston":17,"allthemodium:allthemodium_axe":1,"minecraft:raw_copper_block":3,"minecraft:diamond_block":3,"minecraft:glass_pane":80,"exnihilosequentia:oak_sieve":17,"minecraft:flint_and_steel":1,"mysticalagriculture:inferium_essence":4,"notenoughwands:illumination_wand":1,"integrateddynamics:energy_battery":2,"projecte:aeternalis_fuel":10,"exnihilosequentia:flint_mesh":22,"minecraft:iron_axe":5,"minecraft:iron_hoe":3,"create:millstone":1,"minecraft:cobblestone_wall":324,"minecraft:clay_ball":136,"exnihilosequentia:iron_hammer":3,"industrialforegoing:diamond_gear":12,"exnihilosequentia:wooden_crook":2,"functionalstorage:oak_1":1,"minecraft:red_dye":1,"create:andesite_alloy":7,"create:hand_crank":1,"minecraft:cyan_dye":11,"elevatorid:elevator_white":4,"biggerreactors:graphite_ingot":2,"exnihilosequentia:oak_barrel":2,"alltheores:nickel_ingot":10,"pipez:energy_pipe":16,"sophisticatedstorage:iron_to_gold_tier_upgrade":1,"integrateddynamics:drying_basin":1,"alltheores:raw_nickel":16,"minecraft:iron_sword":2,"industrialforegoing:machine_frame_pity":14,"sophisticatedstorage:basic_to_iron_tier_upgrade":1,"minecraft:acacia_log":176,"sophisticatedstorage:compacting_upgrade":1,"minecraft:bucket":36,"minecraft:stone_axe":1,"minecraft:air":0,"minecraft:bread":128,"sophisticatedstorage:chest":64,"projecte:alchemical_coal":16,"minecraft:white_wool":68,"minecraft:gold_nugget":27,"minecraft:raw_gold":177,"allthecompressed:cobblestone_block_2x":7,"industrialforegoing:mob_slaughter_factory":1,"alltheores:iron_dust":14,"minecraft:acacia_planks":512,"exmachinis:flux_hammer":1,"minecraft:andesite":11,"sophisticatedstorage:stack_upgrade_tier_2":1,"minecraft:torch":32,"cookingforblockheads:sink":2,"alltheores:raw_aluminum":14,"thermal:rf_coil":1}},"DataVersion":2975}