{"stats":{"minecraft:used":{"biomesoplenty:goldenrod":6},"minecraft:mined":{"minecraft:fire":9,"minecraft:oak_log":6,"minecraft:oak_stairs":1,"biomesoplenty:goldenrod":7},"minecraft:custom":{"minecraft:jump":134,"minecraft:open_chest":1,"minecraft:time_since_rest":8408,"minecraft:damage_taken":70,"minecraft:leave_game":2,"minecraft:play_time":8408,"lootr:looted_stat":1,"minecraft:sprint_one_cm":17089,"minecraft:time_since_death":8408,"minecraft:walk_one_cm":7424,"minecraft:sneak_time":7,"minecraft:total_world_time":8408,"minecraft:fall_one_cm":5094,"minecraft:fly_one_cm":33388},"minecraft:picked_up":{"minecraft:oak_log":6,"biomesoplenty:goldenrod":6,"minecraft:dandelion":1}},"DataVersion":3465}