{"stats":{"minecraft:picked_up":{"minecraft:wheat":4,"constructionwand:diamond_wand":4,"exnihilomekanism:osmium_pieces":85,"minecraft:lead":1,"exnihilosequentia:andesite_pebble":103,"forbidden_arcanus:mysterywood_sapling":1,"exnihilosequentia:flint_mesh":4,"minecraft:string":340,"pipez:energy_pipe":93,"thermal:sulfur":146,"cobblefordays:tier_1":2,"minecraft:bucket":1,"exnihilosequentia:oak_sieve":2,"darkutils:tome_pigpen":1,"alltheores:iron_ore_hammer":1,"pipez:improved_upgrade":2,"minecraft:furnace":2,"minecraft:stick":60,"apotheosis:gem":1,"thermal:sadiroot_seeds":1,"minecraft:torch":1,"exnihilosequentia:iron_hammer":8,"tombstone:grave_dust":1,"mekanism:energy_tablet":2,"thermal:flax_seeds":8,"pipez:wrench":1,"thermal:apatite":79,"exnihilosequentia:wooden_hammer":1,"minecraft:rotten_flesh":25,"thermal:radish_seeds":1,"minecraft:obsidian":2,"minecraft:blaze_powder":22,"minecraft:cobblestone":251,"minecraft:leather_chestplate":2,"exnihilosequentia:blackstone_pebble":102,"minecraft:cooked_beef":18,"exnihilosequentia:string_mesh":2,"minecraft:flint":336,"exnihilosequentia:gold_pieces":17,"exnihilosequentia:tin_pieces":22,"minecraft:lapis_lazuli":7,"minecraft:dirt":19,"mekanism:alloy_reinforced":4,"minecraft:leather_boots":1,"exnihilosequentia:fired_crucible":1,"minecraft:glass":46,"minecraft:bone":11,"pipez:fluid_pipe":1,"minecraft:bow":1,"minecraft:wheat_seeds":12,"ftbquests:book":6,"projecte:philosophers_stone":2,"sophisticatedstorage:chest":5,"allthecompressed:cobblestone_block_1x":215,"minecraft:glowstone_dust":25,"minecraft:oak_planks":144,"exnihilosequentia:lead_pieces":47,"mekanism:metallurgic_infuser":1,"thermal:flax":2,"exnihilosequentia:iron_mesh":7,"exmachinis:flux_hammer":1,"allthecompressed:sand_block_1x":283,"allthecompressed:gravel_block_1x":437,"minecraft:sand":7,"exnihilosequentia:silkworm":105,"mekanism:basic_control_circuit":11,"minecraft:clay":1,"minecraft:diamond":5,"minecraft:crossbow":1,"exnihilosequentia:silver_pieces":52,"minecraft:bone_meal":126,"minecraft:emerald":2,"minecraft:oak_sapling":71,"thermal:sawdust":8,"functionalstorage:oak_1":1,"alltheores:steel_ingot":4,"alltheores:osmium_ingot":3,"minecraft:turtle_helmet":1,"thermal:cinnabar":38,"mekanism:alloy_infused":14,"exnihilosequentia:spruce_seeds":1,"minecraft:shield":1,"exnihilosequentia:dust":2493,"exnihilosequentia:potato_seeds":1,"thermal:niter":28,"minecraft:poppy":3,"minecraft:chest":25,"thermal:dynamo_magmatic":1,"exnihilosequentia:diorite_pebble":134,"exnihilosequentia:granite_pebble":118,"minecraft:redstone":161,"exmachinis:flux_sieve":1,"exnihilosequentia:stone_pebble":646,"exnihilosequentia:diamond_mesh":1,"exnihilosequentia:nickel_pieces":13,"minecraft:arrow":14,"minecraft:stone_shovel":3,"exnihilosequentia:carrot_seeds":1,"ae2:certus_quartz_dust":49,"exmachinis:gold_upgrade":3,"mekanism:osmium_compressor":1,"minecraft:gold_ingot":19,"minecraft:white_wool":8,"exnihilosequentia:basalt_pebble":122,"minecraft:stripped_oak_log":2,"ae2:fluix_dust":5,"minecraft:glow_ink_sac":16,"rftoolspower:coalgenerator":2,"minecraft:leather":1,"ironchests:copper_chest":1,"ars_nouveau:wilden_wing":3,"minecraft:oak_log":165,"exnihilosequentia:iron_pieces":24,"minecraft:gunpowder":51,"allthecompressed:cobblestone_block_2x":18,"ae2:sky_dust":149,"pipez:basic_upgrade":2,"exnihilosequentia:aluminum_pieces":22,"minecraft:apple":9,"minecraft:iron_ingot":165,"minecraft:stone_pickaxe":1,"minecraft:oak_slab":1,"minecraft:dandelion":5,"minecraft:gravel":377,"minecraft:lava_bucket":1,"exnihilosequentia:stone_hammer":4,"exnihilosequentia:birch_seeds":1,"minecraft:white_bed":2,"minecraft:spider_eye":2,"exnihilosequentia:oak_barrel":3,"minecraft:leather_helmet":1,"mekanismgenerators:wind_generator":1,"cookingforblockheads:sink":1,"minecraft:pumpkin_seeds":2,"immersiveengineering:seed":1,"minecraft:stone_axe":2,"minecraft:chainmail_leggings":2,"minecraft:iron_helmet":1,"mekanism:fluorite_gem":12,"minecraft:melon_seeds":1,"minecraft:coal":25,"exnihilosequentia:copper_pieces":60},"minecraft:mined":{"mekanismgenerators:wind_generator":1,"minecraft:oak_sapling":3,"exnihilosequentia:oak_sieve":2,"minecraft:grass_block":8,"allthecompressed:cobblestone_block_2x":18,"minecraft:fire":14,"exnihilosequentia:oak_barrel":4,"sophisticatedstorage:chest":3,"minecraft:tripwire":3,"pipez:energy_pipe":6,"minecraft:torch":1,"forbidden_arcanus:thin_cherrywood_log":1,"minecraft:poppy":1,"minecraft:chest":18,"minecraft:cobblestone":164,"minecraft:oak_planks":21,"minecraft:grass":1,"minecraft:oak_log":126,"minecraft:dirt":8,"minecraft:oak_leaves":35,"exnihilosequentia:infested_leaves":3,"allthecompressed:cobblestone_block_1x":528,"functionalstorage:oak_1":1,"minecraft:furnace":1,"rftoolspower:coalgenerator":1,"minecraft:stripped_oak_log":2,"minecraft:stone":1,"minecraft:oak_slab":1,"exnihilosequentia:dust":10,"minecraft:dandelion":4,"allthecompressed:gravel_block_1x":131,"allthecompressed:sand_block_1x":211,"minecraft:gravel":13},"minecraft:killed_by":{"minecraft:creeper":3,"ars_nouveau:wilden_hunter":1,"minecraft:zombie":4,"ars_nouveau:wilden_stalker":1,"minecraft:skeleton":5},"minecraft:broken":{"exnihilosequentia:stone_hammer":1,"minecraft:stone_axe":2,"minecraft:stone_shovel":2},"minecraft:used":{"immersiveengineering:seed":1,"rftoolspower:coalgenerator":2,"minecraft:chest":40,"constructionwand:iron_wand":16,"minecraft:obsidian":1,"thermal:sadiroot_seeds":1,"minecraft:lava_bucket":1,"mekanismgenerators:wind_generator":2,"minecraft:bow":14,"minecraft:furnace":7,"minecraft:oak_sapling":24,"exnihilosequentia:stone_pebble":50,"minecraft:stone_pickaxe":21,"minecraft:oak_planks":28,"minecraft:wooden_pickaxe":9,"exnihilosequentia:oak_sieve":9,"minecraft:white_wool":9,"allthecompressed:cobblestone_block_2x":18,"minecraft:bread":1,"minecraft:string":3,"mekanism:metallurgic_infuser":1,"minecraft:gravel":15,"sophisticatedstorage:chest":4,"exnihilosequentia:dust":13,"exnihilosequentia:stone_hammer":198,"allthecompressed:cobblestone_block_1x":372,"minecraft:bone_meal":11,"exnihilosequentia:wooden_hammer":8,"minecraft:stone_shovel":1,"minecraft:torch":1,"minecraft:dirt":7,"minecraft:wooden_axe":24,"minecraft:iron_axe":41,"exnihilosequentia:andesite_pebble":7,"exnihilosequentia:wooden_crook":19,"cobblefordays:tier_1":1,"constructionwand:diamond_wand":47,"tombstone:gift":7,"minecraft:cooked_beef":10,"minecraft:wheat_seeds":1,"exnihilosequentia:fired_crucible":1,"allthecompressed:sand_block_1x":205,"exnihilosequentia:granite_pebble":3,"exnihilosequentia:diorite_pebble":10,"minecraft:oak_slab":1,"minecraft:white_bed":2,"exnihilosequentia:iron_hammer":869,"minecraft:apple":5,"exnihilosequentia:oak_barrel":5,"minecraft:stone_axe":217,"projecte:philosophers_stone":9,"minecraft:cobblestone":1621,"allthecompressed:gravel_block_1x":65,"exnihilosequentia:basalt_pebble":10,"exnihilosequentia:blackstone_pebble":5,"pipez:energy_pipe":9,"minecraft:dandelion":1},"minecraft:crafted":{"pipez:basic_upgrade":3,"pipez:wrench":1,"minecraft:oak_planks":212,"pipez:improved_upgrade":2,"minecraft:glass":41,"minecraft:chest":16,"alltheores:steel_dust":19,"mekanism:energy_tablet":2,"minecraft:blue_stained_glass":8,"rftoolspower:coalgenerator":1,"minecraft:oak_slab":54,"minecraft:wooden_pickaxe":1,"minecraft:gravel":27,"alltheores:raw_silver":27,"constructionwand:iron_wand":1,"exnihilosequentia:wooden_hammer":1,"exnihilosequentia:stone_hammer":2,"minecraft:charcoal":24,"mekanism:steel_casing":3,"minecraft:stick":56,"minecraft:iron_ingot":41,"minecraft:gold_ingot":18,"mekanism:osmium_compressor":1,"minecraft:redstone_torch":2,"minecraft:stone_shovel":2,"mekanismgenerators:wind_generator":1,"rftoolsbase:machine_frame":1,"minecraft:iron_nugget":27,"alltheores:raw_osmium":30,"mekanism:basic_chemical_tank":2,"minecraft:furnace":7,"minecraft:bone_meal":6,"exnihilosequentia:oak_sieve":9,"exnihilosequentia:flint_mesh":9,"minecraft:iron_axe":1,"minecraft:stone_pickaxe":1,"alltheores:steel_ingot":15,"exnihilosequentia:iron_hammer":1,"minecraft:redstone_block":9,"exnihilosequentia:wooden_crook":2,"constructionwand:diamond_wand":1,"alltheores:osmium_ingot":30,"exnihilosequentia:oak_barrel":1,"mekanism:metallurgic_infuser":1,"mekanism:dynamic_tank":4,"pipez:energy_pipe":16,"allthecompressed:cobblestone_block_1x":627,"minecraft:bucket":2,"minecraft:stone_axe":2,"minecraft:bread":1,"minecraft:blue_dye":4,"minecraft:white_wool":32,"minecraft:cobblestone":419,"minecraft:gold_nugget":9,"mekanism:enrichment_chamber":2,"minecraft:raw_gold":16,"allthecompressed:cobblestone_block_2x":20,"minecraft:wooden_axe":1,"mekanism:advanced_control_circuit":2,"alltheores:iron_dust":27,"minecraft:andesite":6,"minecraft:torch":60,"exnihilosequentia:string_mesh":16},"minecraft:killed":{"minecraft:spider":6,"minecraft:zombie":4,"ars_nouveau:summon_wolf":1,"ars_nouveau:wilden_stalker":4,"ars_nouveau:wilden_hunter":1},"minecraft:custom":{"minecraft:interact_with_crafting_table":146,"minecraft:leave_game":6,"minecraft:time_since_death":29091,"minecraft:sprint_one_cm":355948,"minecraft:drop":704,"minecraft:talked_to_villager":3,"minecraft:play_time":497942,"minecraft:deaths":20,"minecraft:jump":2432,"minecraft:walk_on_water_one_cm":7012,"minecraft:interact_with_furnace":55,"minecraft:sleep_in_bed":7,"minecraft:damage_dealt":3683,"minecraft:player_kills":1,"minecraft:crouch_one_cm":29764,"tombstone:undead_killed":4,"minecraft:mob_kills":20,"minecraft:inspect_hopper":1,"minecraft:damage_dealt_resisted":10,"minecraft:walk_one_cm":395601,"minecraft:sneak_time":19327,"minecraft:total_world_time":497942,"minecraft:time_since_rest":8516,"minecraft:damage_taken":7452,"minecraft:use_wand":1438,"minecraft:fly_one_cm":306010,"minecraft:open_chest":410,"minecraft:fall_one_cm":55384},"minecraft:dropped":{"exnihilosequentia:granite_pebble":10,"minecraft:lapis_lazuli":13,"minecraft:cooked_beef":3,"minecraft:oak_log":31,"exnihilosequentia:diorite_pebble":7,"minecraft:diamond":3,"thermal:dynamo_magmatic":1,"exnihilosequentia:iron_hammer":8,"mekanism:basic_control_circuit":11,"minecraft:flint":4,"minecraft:emerald":1,"minecraft:dirt":3,"exmachinis:flux_sieve":1,"constructionwand:diamond_wand":5,"exnihilosequentia:wooden_hammer":1,"minecraft:bone_meal":18,"minecraft:sand":8,"exnihilosequentia:stone_hammer":4,"exnihilosequentia:tin_pieces":1,"ftbquests:book":6,"ironchests:copper_chest":1,"minecraft:white_wool":40,"minecraft:gold_ingot":21,"exnihilosequentia:oak_sieve":2,"minecraft:gravel":46,"minecraft:stone_axe":1,"thermal:sawdust":1,"minecraft:oak_planks":91,"exnihilosequentia:silkworm":1,"exnihilosequentia:potato_seeds":1,"ae2:sky_dust":3,"mekanism:alloy_infused":13,"minecraft:poppy":2,"minecraft:leather_chestplate":1,"minecraft:gunpowder":7,"mekanism:energy_tablet":2,"exnihilosequentia:stone_pebble":61,"exnihilosequentia:wooden_crook":1,"minecraft:arrow":2,"minecraft:glass":33,"pipez:improved_upgrade":1,"exnihilosequentia:iron_mesh":3,"exnihilosequentia:basalt_pebble":10,"cookingforblockheads:sink":1,"minecraft:iron_ingot":35,"allthecompressed:gravel_block_1x":67,"pipez:basic_upgrade":3,"minecraft:cobblestone":113,"exnihilosequentia:iron_pieces":17,"minecraft:apple":2,"cobblefordays:tier_1":1,"minecraft:coal":5,"exnihilosequentia:andesite_pebble":14,"minecraft:stick":39,"exnihilosequentia:string_mesh":1,"exmachinis:flux_hammer":1,"minecraft:lava_bucket":1,"minecraft:blue_dye":1,"mekanism:enrichment_chamber":1,"tombstone:grave_key":4,"exnihilosequentia:aluminum_pieces":4,"exnihilosequentia:blackstone_pebble":10,"exnihilosequentia:dust":279,"allthecompressed:sand_block_1x":32,"minecraft:chainmail_leggings":1,"minecraft:string":3,"thermal:sulfur":4,"exnihilosequentia:flint_mesh":1,"minecraft:redstone":65,"mekanism:metallurgic_infuser":1,"forbidden_arcanus:mysterywood_sapling":1,"mekanism:osmium_compressor":1,"minecraft:stone_shovel":1,"exmachinis:gold_upgrade":3,"mekanism:alloy_reinforced":2,"exnihilosequentia:gold_pieces":2,"exnihilosequentia:diamond_mesh":1,"pipez:energy_pipe":87,"exnihilosequentia:lead_pieces":1,"exnihilosequentia:silver_pieces":6,"ae2:certus_quartz_dust":4,"minecraft:spider_eye":1,"minecraft:stone_pickaxe":1,"rftoolspower:coalgenerator":1,"thermal:niter":7,"pipez:wrench":2}},"DataVersion":2975}