{"stats":{"minecraft:killed_by":{"twilightforest:skeleton_druid":2,"minecraft:creeper":3,"ars_nouveau:wilden_hunter":1,"minecraft:zombie":8,"minecraft:player":7,"ars_nouveau:wilden_stalker":1,"minecraft:skeleton":6},"minecraft:picked_up":{"minecraft:wheat":4,"constructionwand:diamond_wand":4,"mekanism:electrolytic_separator":2,"industrialforegoing:plant_sower":1,"exnihilomekanism:osmium_pieces":85,"minecraft:lead":1,"exnihilosequentia:andesite_pebble":103,"forbidden_arcanus:mysterywood_sapling":1,"exnihilosequentia:flint_mesh":4,"minecraft:string":341,"mekanism:enriched_redstone":1,"pipez:energy_pipe":94,"thermal:sulfur":146,"cobblefordays:tier_1":2,"minecraft:bucket":1,"mekanism:purification_chamber":2,"exnihilosequentia:oak_sieve":2,"exnihilosequentia:emerald_mesh":1,"darkutils:tome_pigpen":1,"alltheores:iron_ore_hammer":4,"twilightforest:firefly_jar":1,"minecraft:furnace":2,"pipez:improved_upgrade":2,"minecraft:stick":80,"apotheosis:gem":1,"thermal:sadiroot_seeds":15,"minecraft:torch":1,"exnihilosequentia:iron_hammer":9,"tombstone:grave_dust":7,"mekanism:energy_tablet":2,"thermal:flax_seeds":8,"pipez:wrench":1,"thermal:apatite":79,"exnihilosequentia:wooden_hammer":1,"minecraft:rotten_flesh":31,"alltheores:osmium_dust":2,"occultism:datura":3,"thermal:radish_seeds":1,"mekanism:basic_fluid_tank":3,"mekanism:enriched_diamond":1,"minecraft:obsidian":2,"minecraft:blaze_powder":22,"minecraft:cobblestone":253,"occultism:datura_seeds":7,"exnihilosequentia:blackstone_pebble":103,"croptopia:apple_sapling":10,"minecraft:leather_chestplate":3,"alltheores:gold_dust":23,"minecraft:cooked_beef":20,"minecraft:water_bucket":1,"torcherino:torcherino":1,"exnihilosequentia:string_mesh":2,"minecraft:flint":336,"exnihilosequentia:tin_pieces":22,"exnihilosequentia:gold_pieces":17,"minecraft:lapis_lazuli":7,"minecraft:dirt":22,"mekanism:alloy_reinforced":12,"minecraft:leather_boots":1,"exnihilosequentia:fired_crucible":1,"minecraft:glass":46,"minecraft:bone":17,"pipez:fluid_pipe":1,"minecraft:bow":1,"minecraft:wheat_seeds":19,"minecraft:raw_gold":7,"ftbquests:book":6,"projecte:philosophers_stone":3,"sophisticatedstorage:chest":5,"allthecompressed:cobblestone_block_1x":215,"minecraft:glowstone_dust":25,"minecraft:oak_planks":154,"exnihilosequentia:lead_pieces":47,"mekanism:metallurgic_infuser":1,"thermal:flax":2,"exnihilosequentia:iron_mesh":7,"exmachinis:flux_hammer":1,"allthecompressed:sand_block_1x":294,"allthecompressed:gravel_block_1x":468,"minecraft:sand":7,"twilightforest:canopy_log":3,"exnihilosequentia:silkworm":105,"mekanism:basic_control_circuit":20,"minecraft:iron_hoe":1,"mekanism:bio_fuel":4,"minecraft:clay":1,"minecraft:diamond":45,"minecraft:crossbow":1,"exnihilosequentia:silver_pieces":52,"minecraft:bone_meal":126,"minecraft:bread":58,"minecraft:emerald":2,"mekanism:advanced_control_circuit":6,"industrialforegoing:latex_bucket":2,"minecraft:oak_sapling":74,"thermal:sawdust":8,"twilightforest:torchberries":2,"functionalstorage:oak_1":1,"alltheores:steel_ingot":6,"alltheores:osmium_ingot":44,"mekanism:clump_iron":8,"minecraft:turtle_helmet":2,"minecraft:leather_leggings":1,"industrialforegoing:fluid_extractor":1,"thermal:cinnabar":38,"mekanism:alloy_infused":40,"exnihilosequentia:spruce_seeds":1,"minecraft:shield":1,"minecraft:iron_axe":4,"exnihilosequentia:dust":2898,"exnihilosequentia:potato_seeds":1,"mekanism:pressurized_reaction_chamber":3,"thermal:niter":28,"minecraft:poppy":3,"minecraft:chest":26,"minecraft:raw_copper_block":3,"mekanism:dirty_dust_iron":4,"minecraft:raw_iron":1,"thermal:dynamo_magmatic":1,"thermal:sadiroot":6,"exnihilosequentia:diorite_pebble":134,"exnihilosequentia:granite_pebble":118,"minecraft:redstone":273,"exmachinis:flux_sieve":1,"thermal:green_bean":12,"exnihilosequentia:stone_pebble":647,"exnihilosequentia:diamond_mesh":1,"exnihilosequentia:nickel_pieces":13,"mekanism:crusher":1,"minecraft:arrow":20,"minecraft:stone_shovel":4,"exnihilosequentia:carrot_seeds":1,"ae2:certus_quartz_dust":49,"exmachinis:gold_upgrade":3,"industrialforegoing:plant_gatherer":1,"mekanism:osmium_compressor":2,"alltheores:iron_dust":3,"minecraft:gold_ingot":27,"minecraft:white_wool":8,"exnihilosequentia:basalt_pebble":124,"minecraft:stripped_oak_log":2,"ae2:fluix_dust":5,"minecraft:glow_ink_sac":16,"rftoolspower:coalgenerator":4,"minecraft:leather":7,"mekanismgenerators:gas_burning_generator":1,"ironchests:copper_chest":1,"ars_nouveau:wilden_wing":5,"minecraft:oak_log":176,"exnihilosequentia:iron_pieces":24,"minecraft:gunpowder":53,"allthecompressed:cobblestone_block_2x":18,"industrialforegoing:dryrubber":1,"mekanism:enrichment_chamber":3,"ae2:sky_dust":149,"pipez:basic_upgrade":2,"exnihilosequentia:aluminum_pieces":22,"minecraft:apple":31,"industrialforegoing:latex_processing_unit":1,"minecraft:iron_ingot":210,"minecraft:stone_pickaxe":2,"minecraft:oak_slab":1,"industrialforegoing:machine_frame_pity":1,"industrialforegoing:plastic":1,"minecraft:dandelion":5,"minecraft:gravel":815,"minecraft:lava_bucket":1,"exnihilosequentia:stone_hammer":4,"exnihilosequentia:birch_seeds":1,"minecraft:white_bed":2,"minecraft:spider_eye":2,"exnihilosequentia:oak_barrel":3,"minecraft:leather_helmet":1,"mekanismgenerators:wind_generator":1,"cookingforblockheads:sink":2,"minecraft:pumpkin_seeds":2,"immersiveengineering:seed":6,"minecraft:stone_axe":2,"minecraft:chainmail_leggings":4,"minecraft:iron_helmet":1,"mekanism:fluorite_gem":12,"minecraft:baked_potato":3,"minecraft:melon_seeds":1,"minecraft:coal":26,"exnihilosequentia:copper_pieces":60},"minecraft:custom":{"minecraft:interact_with_crafting_table":180,"minecraft:leave_game":8,"minecraft:time_since_death":1588,"minecraft:sprint_one_cm":719711,"minecraft:drop":784,"minecraft:talked_to_villager":7,"minecraft:play_time":710526,"minecraft:deaths":35,"tombstone:tomb_raiding":1,"minecraft:jump":3264,"minecraft:walk_on_water_one_cm":7924,"minecraft:interact_with_furnace":96,"minecraft:traded_with_villager":2,"minecraft:sleep_in_bed":13,"minecraft:damage_dealt":7201,"minecraft:player_kills":2,"minecraft:crouch_one_cm":31703,"tombstone:undead_killed":9,"minecraft:mob_kills":37,"minecraft:inspect_hopper":1,"minecraft:damage_dealt_resisted":10,"minecraft:climb_one_cm":1237,"minecraft:walk_one_cm":673785,"minecraft:sneak_time":20527,"minecraft:total_world_time":710526,"minecraft:time_since_rest":1614,"minecraft:damage_taken":11891,"minecraft:trigger_trapped_chest":1,"minecraft:use_wand":1442,"minecraft:fly_one_cm":480775,"minecraft:open_chest":634,"minecraft:fall_one_cm":69105},"minecraft:broken":{"constructionwand:diamond_wand":1,"exnihilosequentia:stone_hammer":1,"minecraft:stone_axe":2,"minecraft:stone_shovel":2,"minecraft:leather_chestplate":1,"minecraft:iron_axe":1,"minecraft:leather_boots":1},"minecraft:crafted":{"pipez:basic_upgrade":3,"pipez:wrench":1,"minecraft:oak_planks":212,"pipez:improved_upgrade":2,"mekanism:electrolytic_separator":2,"mekanismgenerators:gas_burning_generator":1,"mekanism:electrolytic_core":3,"alltheores:iron_ore_hammer":1,"pipez:item_pipe":32,"minecraft:sand":99,"minecraft:glass":41,"alltheores:osmium_dust":10,"minecraft:melon_seeds":1,"minecraft:chest":16,"alltheores:steel_dust":38,"mekanism:energy_tablet":8,"minecraft:blue_stained_glass":8,"minecraft:dropper":8,"rftoolspower:coalgenerator":1,"minecraft:oak_slab":54,"minecraft:gravel":126,"minecraft:wooden_pickaxe":1,"alltheores:raw_silver":27,"constructionwand:iron_wand":1,"minecraft:brown_dye":6,"mekanism:purification_chamber":1,"exnihilosequentia:wooden_hammer":1,"minecraft:charcoal":56,"exnihilosequentia:stone_hammer":2,"mekanism:steel_casing":7,"minecraft:stick":64,"mekanism:crusher":1,"minecraft:iron_ingot":118,"minecraft:iron_block":2,"minecraft:gold_ingot":53,"mekanism:osmium_compressor":1,"minecraft:redstone_torch":2,"alltheores:osmium_nugget":9,"croptopia:apple_sapling":2,"minecraft:stone_shovel":2,"rftoolsbase:machine_frame":1,"mekanismgenerators:wind_generator":4,"minecraft:iron_nugget":27,"alltheores:raw_osmium":59,"mekanism:pressurized_reaction_chamber":1,"mekanism:basic_chemical_tank":2,"minecraft:furnace":21,"alltheores:gold_dust":9,"minecraft:bone_meal":6,"exnihilosequentia:oak_sieve":9,"exnihilosequentia:flint_mesh":9,"minecraft:iron_axe":3,"minecraft:stone_pickaxe":1,"alltheores:steel_ingot":34,"exnihilosequentia:iron_hammer":1,"minecraft:redstone_block":26,"exnihilosequentia:wooden_crook":2,"constructionwand:diamond_wand":1,"alltheores:osmium_ingot":41,"exnihilosequentia:oak_barrel":1,"mekanism:metallurgic_infuser":1,"mekanism:dynamic_tank":4,"pipez:energy_pipe":16,"allthecompressed:cobblestone_block_1x":748,"minecraft:bucket":2,"minecraft:stone_axe":2,"minecraft:bread":1,"minecraft:blue_dye":4,"minecraft:white_wool":32,"minecraft:cobblestone":419,"minecraft:gold_nugget":9,"mekanism:enrichment_chamber":3,"minecraft:raw_gold":16,"allthecompressed:cobblestone_block_2x":20,"minecraft:wooden_axe":1,"mekanism:advanced_control_circuit":6,"alltheores:iron_dust":52,"minecraft:andesite":6,"minecraft:torch":60,"exnihilosequentia:string_mesh":16},"minecraft:dropped":{"industrialforegoing:plastic":6,"mekanism:electrolytic_separator":3,"industrialforegoing:plant_sower":1,"exnihilosequentia:granite_pebble":10,"minecraft:lapis_lazuli":13,"minecraft:cooked_beef":3,"minecraft:oak_log":31,"exnihilosequentia:diorite_pebble":7,"minecraft:diamond":43,"exnihilosequentia:diamond_hammer":1,"thermal:dynamo_magmatic":1,"exnihilosequentia:iron_hammer":8,"mekanism:basic_control_circuit":11,"minecraft:flint":4,"minecraft:emerald":97,"minecraft:dirt":5,"exmachinis:flux_sieve":1,"constructionwand:diamond_wand":5,"mekanism:purification_chamber":1,"industrialforegoing:latex_processing_unit":1,"exnihilosequentia:wooden_hammer":1,"mekanism:clump_iron":4,"minecraft:bone_meal":18,"projecte:philosophers_stone":1,"minecraft:sand":8,"industrialforegoing:dryrubber":1,"exnihilosequentia:stone_hammer":4,"exnihilosequentia:tin_pieces":1,"ftbquests:book":6,"ironchests:copper_chest":1,"minecraft:white_wool":40,"mekanismgenerators:wind_generator":1,"minecraft:gold_ingot":31,"exnihilosequentia:oak_sieve":2,"minecraft:bone":2,"industrialforegoing:machine_frame_pity":1,"minecraft:gravel":52,"minecraft:stone_axe":1,"mekanismgenerators:gas_burning_generator":1,"exnihilosequentia:nickel_pieces":1,"minecraft:rotten_flesh":2,"thermal:sawdust":1,"minecraft:oak_planks":91,"exnihilosequentia:silkworm":1,"exnihilosequentia:potato_seeds":1,"ae2:sky_dust":3,"mekanism:alloy_infused":13,"minecraft:poppy":2,"minecraft:leather_chestplate":1,"minecraft:gunpowder":7,"mekanism:energy_tablet":2,"minecraft:charcoal":16,"exnihilosequentia:stone_pebble":61,"exnihilosequentia:wooden_crook":1,"minecraft:arrow":2,"minecraft:glass":33,"pipez:improved_upgrade":1,"immersiveengineering:seed":5,"exnihilosequentia:iron_mesh":3,"exnihilosequentia:basalt_pebble":10,"cookingforblockheads:sink":1,"minecraft:bread":29,"minecraft:iron_ingot":35,"allthecompressed:gravel_block_1x":67,"minecraft:wheat_seeds":3,"pipez:basic_upgrade":3,"minecraft:cobblestone":165,"exnihilosequentia:iron_pieces":17,"minecraft:apple":9,"exnihilosequentia:emerald_mesh":1,"cobblefordays:tier_1":1,"minecraft:coal":6,"exnihilosequentia:andesite_pebble":14,"exnihilosequentia:string_mesh":1,"minecraft:stick":39,"exmachinis:flux_hammer":1,"minecraft:lava_bucket":1,"minecraft:blue_dye":1,"mekanism:enrichment_chamber":1,"tombstone:grave_key":5,"exnihilosequentia:aluminum_pieces":4,"alltheores:iron_ore_hammer":1,"exnihilosequentia:blackstone_pebble":11,"exnihilosequentia:dust":279,"industrialforegoing:fluid_extractor":1,"minecraft:iron_axe":3,"mekanism:basic_fluid_tank":3,"allthecompressed:sand_block_1x":32,"minecraft:chainmail_leggings":1,"minecraft:string":3,"thermal:sulfur":4,"exnihilosequentia:flint_mesh":1,"minecraft:redstone":129,"mekanism:metallurgic_infuser":1,"mekanism:pressurized_reaction_chamber":1,"forbidden_arcanus:mysterywood_sapling":1,"mekanism:crusher":1,"mekanism:osmium_compressor":1,"minecraft:stone_shovel":1,"exmachinis:gold_upgrade":3,"minecraft:iron_hoe":2,"mekanism:alloy_reinforced":8,"exnihilosequentia:gold_pieces":2,"exnihilosequentia:diamond_mesh":1,"pipez:item_pipe":55,"industrialforegoing:latex_bucket":2,"pipez:energy_pipe":112,"exnihilosequentia:lead_pieces":1,"exnihilosequentia:silver_pieces":6,"ae2:certus_quartz_dust":4,"minecraft:spider_eye":1,"minecraft:stone_pickaxe":1,"rftoolspower:coalgenerator":1,"thermal:niter":7,"pipez:wrench":2,"industrialforegoing:plant_gatherer":1},"minecraft:killed":{"minecraft:spider":9,"minecraft:skeleton":1,"minecraft:creeper":2,"twilightforest:skeleton_druid":1,"minecraft:zombie":7,"minecraft:horse":2,"ars_nouveau:summon_wolf":1,"ars_nouveau:wilden_stalker":7,"ars_nouveau:wilden_hunter":1},"minecraft:used":{"immersiveengineering:seed":1,"rftoolspower:coalgenerator":4,"minecraft:chest":41,"constructionwand:iron_wand":16,"minecraft:obsidian":1,"thermal:sadiroot_seeds":1,"minecraft:lava_bucket":1,"mekanismgenerators:wind_generator":3,"minecraft:bow":23,"minecraft:oak_sapling":25,"minecraft:furnace":7,"exnihilosequentia:stone_pebble":51,"minecraft:stone_pickaxe":27,"minecraft:oak_planks":28,"minecraft:wooden_pickaxe":9,"minecraft:diamond_axe":3,"exnihilosequentia:oak_sieve":9,"minecraft:white_wool":9,"allthecompressed:cobblestone_block_2x":18,"mekanism:crusher":1,"minecraft:melon_slice":4,"minecraft:string":3,"minecraft:bread":1,"mekanism:metallurgic_infuser":1,"sophisticatedstorage:chest":4,"minecraft:gravel":15,"exnihilosequentia:dust":13,"exnihilosequentia:stone_hammer":198,"allthecompressed:cobblestone_block_1x":403,"minecraft:bone_meal":38,"mekanism:enrichment_chamber":3,"exnihilosequentia:wooden_hammer":8,"minecraft:stone_shovel":1,"minecraft:torch":1,"minecraft:dirt":7,"minecraft:wooden_axe":24,"minecraft:iron_axe":227,"mekanism:purification_chamber":1,"carryon:entity_item":2,"minecraft:melon_seeds":1,"cobblefordays:tier_1":1,"exnihilosequentia:andesite_pebble":7,"exnihilosequentia:wooden_crook":19,"torcherino:torcherino":1,"constructionwand:diamond_wand":48,"tombstone:gift":7,"minecraft:cooked_beef":13,"mekanism:pressurized_reaction_chamber":2,"exnihilosequentia:fired_crucible":1,"minecraft:wheat_seeds":1,"allthecompressed:sand_block_1x":250,"exnihilosequentia:granite_pebble":3,"exnihilosequentia:diorite_pebble":10,"minecraft:oak_slab":1,"croptopia:apple_sapling":2,"minecraft:white_bed":2,"industrialforegoing:latex_bucket":1,"exnihilosequentia:iron_hammer":982,"minecraft:apple":16,"exnihilosequentia:oak_barrel":5,"minecraft:stone_axe":217,"projecte:philosophers_stone":9,"minecraft:cobblestone":1668,"allthecompressed:gravel_block_1x":76,"exnihilosequentia:basalt_pebble":11,"exnihilosequentia:blackstone_pebble":5,"minecraft:bucket":1,"pipez:energy_pipe":14,"minecraft:dandelion":1},"minecraft:mined":{"mekanismgenerators:wind_generator":1,"minecraft:oak_sapling":3,"exnihilosequentia:oak_sieve":2,"minecraft:grass_block":8,"mekanism:purification_chamber":1,"allthecompressed:cobblestone_block_2x":18,"minecraft:spawner":1,"minecraft:fire":14,"exnihilosequentia:oak_barrel":4,"sophisticatedstorage:chest":3,"minecraft:tripwire":3,"pipez:energy_pipe":7,"mekanism:enrichment_chamber":2,"minecraft:torch":1,"forbidden_arcanus:thin_cherrywood_log":1,"minecraft:poppy":1,"forbidden_arcanus:cherry_flower_vines":1,"minecraft:chest":19,"minecraft:cobblestone":168,"minecraft:oak_planks":21,"minecraft:wheat":1,"minecraft:grass":8,"minecraft:oak_log":137,"minecraft:dirt":8,"twilightforest:canopy_log":3,"minecraft:oak_leaves":36,"exnihilosequentia:infested_leaves":3,"allthecompressed:cobblestone_block_1x":559,"functionalstorage:oak_1":1,"minecraft:furnace":1,"rftoolspower:coalgenerator":2,"twilightforest:firefly_jar":1,"minecraft:stripped_oak_log":2,"minecraft:stone":1,"minecraft:oak_slab":1,"exnihilosequentia:dust":10,"minecraft:dandelion":4,"allthecompressed:gravel_block_1x":142,"minecraft:tall_grass":9,"allthecompressed:sand_block_1x":256,"mekanism:pressurized_reaction_chamber":1,"minecraft:gravel":13,"minecraft:fern":3}},"DataVersion":2975}