{"stats":{"minecraft:killed":{"twilightforest:lich_minion":4,"minecraft:skeleton":14,"minecraft:zombie":22,"minecraft:horse":2,"twilightforest:death_tome":1,"minecraft:zombified_piglin":7,"minecraft:spider":12,"minecraft:pig":1,"minecraft:creeper":5,"twilightforest:skeleton_druid":1,"minecraft:blaze":7,"ars_nouveau:summon_wolf":8,"ars_nouveau:wilden_stalker":10,"ars_nouveau:wilden_hunter":3,"minecraft:wither_skeleton":16},"minecraft:broken":{"constructionwand:diamond_wand":1,"minecraft:golden_boots":2,"minecraft:iron_leggings":1,"exnihilosequentia:stone_hammer":1,"twilightforest:knightmetal_axe":1,"minecraft:iron_axe":3,"twilightforest:ironwood_helmet":1,"minecraft:golden_helmet":1,"constructionwand:iron_wand":1,"minecraft:stone_axe":2,"minecraft:stone_shovel":2,"twilightforest:steeleaf_chestplate":1,"minecraft:leather_chestplate":2,"minecraft:leather_boots":1},"minecraft:killed_by":{"twilightforest:lich_minion":1,"twilightforest:death_tome":1,"minecraft:zoglin":2,"ars_nouveau:wilden_hunter":4,"minecraft:zombie":13,"twilightforest:naga":2,"minecraft:zombified_piglin":3,"minecraft:wither_skeleton":8,"twilightforest:skeleton_druid":2,"minecraft:creeper":6,"minecraft:blaze":1,"minecraft:player":10,"ars_nouveau:wilden_stalker":1,"twilightforest:knight_phantom":1,"minecraft:skeleton":10},"minecraft:used":{"twilightforest:ice_bow":3,"rftoolspower:coalgenerator":4,"minecraft:chest":70,"minecraft:stone":14,"constructionwand:iron_wand":25,"minecraft:lily_of_the_valley":2,"minecraft:lava_bucket":7,"twilightforest:twilight_oak_planks":40,"minecraft:bow":54,"twilightforest:steeleaf_chestplate":1,"minecraft:furnace":10,"minecraft:oak_sapling":25,"exnihilosequentia:stone_pebble":52,"minecraft:mossy_stone_bricks":1,"minecraft:orange_tulip":2,"minecraft:wooden_pickaxe":9,"exnihilosequentia:diamond_hammer":754,"exnihilosequentia:oak_sieve":9,"exnihilosequentia:stone_barrel":5,"mekanism:chemical_dissolution_chamber":2,"mekanism:thermal_evaporation_controller":2,"sophisticatedstorage:chest":4,"minecraft:diamond_sword":127,"allthecompressed:cobblestone_block_1x":976,"exnihilosequentia:wooden_hammer":8,"minecraft:torch":130,"mekanism:osmium_compressor":2,"twilightforest:knightmetal_axe":310,"minecraft:iron_block":4,"minecraft:iron_axe":523,"mekanism:purification_chamber":1,"carryon:entity_item":3,"minecraft:melon_seeds":1,"torcherino:torcherino":1,"cobblefordays:tier_1":1,"constructionwand:diamond_wand":82,"tombstone:gift":7,"minecraft:wheat_seeds":1,"allthecompressed:sand_block_1x":251,"twilightforest:steeleaf_pickaxe":56,"minecraft:water_bucket":22,"exnihilosequentia:granite_pebble":4,"minecraft:cracked_stone_bricks":2,"twilightforest:twilight_oak_sapling":1,"minecraft:oak_slab":1,"minecraft:crafting_table":2,"croptopia:apple_sapling":2,"minecraft:white_bed":4,"minecraft:campfire":3,"industrialforegoing:latex_bucket":1,"minecraft:diamond_pickaxe":112,"exnihilosequentia:oak_barrel":8,"minecraft:cobblestone":1689,"allthecompressed:gravel_block_1x":277,"minecraft:cooked_porkchop":3,"mekanism:thermal_evaporation_block":1,"minecraft:dandelion":1,"immersiveengineering:seed":1,"minecraft:shield":51,"plonk:placed_items":1,"minecraft:obsidian":1,"minecraft:glass":24,"thermal:sadiroot_seeds":1,"mekanismgenerators:wind_generator":3,"carryon:tile_item":1,"minecraft:golden_boots":1,"minecraft:stone_pickaxe":50,"minecraft:oak_planks":38,"mekanism:chemical_washer":1,"minecraft:diamond_axe":115,"minecraft:white_wool":9,"twilightforest:ironwood_axe":70,"allthecompressed:cobblestone_block_2x":18,"mekanism:crusher":1,"minecraft:bread":97,"minecraft:melon_slice":4,"minecraft:string":4,"mekanism:metallurgic_infuser":1,"twilightforest:triple_bow":22,"minecraft:gravel":15,"exnihilosequentia:dust":13,"minecraft:golden_helmet":1,"exnihilosequentia:stone_hammer":230,"minecraft:smooth_stone_slab":4,"minecraft:coarse_dirt":1,"minecraft:bone_meal":38,"cookingforblockheads:sink":1,"mekanism:enrichment_chamber":4,"minecraft:stone_shovel":1,"minecraft:cooked_chicken":2,"minecraft:dirt":8,"minecraft:raw_iron_block":1,"minecraft:wooden_axe":24,"allthecompressed:netherrack_block_1x":10,"exnihilosequentia:andesite_pebble":7,"exnihilosequentia:wooden_crook":19,"mekanism:pressurized_reaction_chamber":2,"minecraft:cooked_beef":13,"exnihilosequentia:fired_crucible":4,"minecraft:iron_ore":1,"exnihilosequentia:diorite_pebble":10,"minecraft:cobblestone_slab":31,"minecraft:painting":5,"mekanism:basic_chemical_tank":1,"exnihilosequentia:iron_hammer":983,"minecraft:apple":16,"mekanism:chemical_crystallizer":1,"minecraft:stone_axe":217,"projecte:philosophers_stone":18,"exnihilosequentia:basalt_pebble":11,"exnihilosequentia:blackstone_pebble":5,"minecraft:bucket":27,"pipez:energy_pipe":16},"minecraft:mined":{"mekanismgenerators:wind_generator":1,"minecraft:obsidian":2,"exnihilosequentia:oak_sieve":2,"mekanism:purification_chamber":1,"minecraft:nether_wart":4,"minecraft:spawner":2,"minecraft:fire":15,"minecraft:iron_block":4,"minecraft:tripwire":3,"minecraft:brown_mushroom":1,"pipez:energy_pipe":13,"mekanism:enrichment_chamber":3,"alltheores:uranium_ore":2,"minecraft:torch":2,"forbidden_arcanus:thin_cherrywood_log":1,"minecraft:glass":4,"rftoolsbase:dimensionalshard_overworld":19,"minecraft:wheat":1,"twilightforest:twilight_oak_planks":6,"minecraft:grass":26,"allthecompressed:netherrack_block_1x":10,"minecraft:red_mushroom_block":6,"twilightforest:canopy_log":19,"alltheores:osmium_ore":2,"botania:red_mushroom":1,"functionalstorage:oak_1":1,"mekanism:basic_chemical_tank":1,"twilightforest:twilight_oak_leaves":14,"minecraft:cobblestone_slab":11,"botania:yellow_mushroom":5,"ars_nouveau:rune":1,"ae2:quartz_ore":14,"minecraft:oak_slab":1,"mekanism:crusher":1,"minecraft:glass_pane":2,"minecraft:lily_of_the_valley":2,"minecraft:dandelion":9,"minecraft:tall_grass":57,"mekanism:pressurized_reaction_chamber":1,"minecraft:gravel":13,"minecraft:stone_bricks":20,"minecraft:fern":10,"minecraft:oak_sapling":3,"minecraft:grass_block":12,"mekanism:osmium_compressor":1,"allthecompressed:cobblestone_block_2x":18,"minecraft:raw_iron_block":1,"alltheores:platinum_ore":1,"exnihilosequentia:oak_barrel":7,"sophisticatedstorage:chest":3,"mekanism:thermal_evaporation_valve":1,"minecraft:poppy":1,"forbidden_arcanus:cherry_flower_vines":1,"minecraft:chest":24,"twilightforest:twilight_oak_log":177,"minecraft:mushroom_stem":4,"minecraft:cobblestone":179,"minecraft:oak_planks":24,"mekanism:fluorite_ore":1,"twilightforest:root":1,"minecraft:orange_tulip":4,"minecraft:smooth_stone_slab":2,"minecraft:oak_log":137,"minecraft:dirt":12,"minecraft:oak_leaves":36,"exnihilosequentia:infested_leaves":3,"mysticalagriculture:prosperity_ore":1,"allthecompressed:cobblestone_block_1x":1132,"mekanism:chemical_dissolution_chamber":1,"minecraft:large_fern":15,"forbidden_arcanus:arcane_crystal_ore":2,"minecraft:furnace":3,"mekanism:thermal_evaporation_controller":2,"rftoolspower:coalgenerator":2,"minecraft:bookshelf":87,"twilightforest:firefly_jar":2,"minecraft:stripped_oak_log":2,"minecraft:white_tulip":4,"minecraft:stone":46,"sophisticatedbackpacks:backpack":1,"twilightforest:root_strand":2,"minecraft:infested_stone_bricks":1,"mekanism:thermal_evaporation_block":1,"exnihilosequentia:dust":10,"exnihilosequentia:stone_barrel":1,"allthecompressed:gravel_block_1x":343,"allthecompressed:sand_block_1x":257,"mekanism:metallurgic_infuser":1,"minecraft:cracked_stone_bricks":4,"minecraft:mossy_stone_bricks":8},"minecraft:picked_up":{"minecraft:iron_chestplate":1,"exnihilomekanism:osmium_pieces":85,"mekanism:dust_iron":36,"minecraft:lead":2,"minecraft:diamond_sword":3,"minecraft:enchanted_book":1,"minecraft:golden_shovel":2,"exnihilosequentia:andesite_pebble":103,"exnihilosequentia:flint_mesh":4,"minecraft:string":363,"thermal:barley_seeds":2,"pipez:energy_pipe":109,"industrialforegoing:pink_slime_bucket":2,"minecraft:gold_nugget":6,"exnihilosequentia:oak_sieve":11,"darkutils:tome_pigpen":1,"twilightforest:ironwood_leggings":1,"minecraft:melon_slice":4,"wstweaks:fragment":33,"minecraft:golden_helmet":1,"immersiveengineering:shader_bag_epic":1,"tconstruct:blaze_head":1,"thermal:sadiroot_seeds":30,"mysticalagriculture:prosperity_shard":1,"minecraft:golden_chestplate":3,"thermal:apatite":116,"minecraft:stone_sword":1,"minecraft:iron_block":4,"twilightforest:knightmetal_leggings":1,"thermal:radish_seeds":2,"mekanism:basic_fluid_tank":4,"minecraft:blaze_rod":5,"croptopia:apple_sapling":15,"minecraft:cooked_beef":20,"alltheores:gold_dust":23,"minecraft:birch_slab":5,"minecraft:water_bucket":3,"twilightforest:ironwood_pickaxe":1,"reliquary:molten_core":2,"torcherino:torcherino":1,"mekanism:chemical_dissolution_chamber":1,"minecraft:flint":354,"exnihilosequentia:gold_pieces":26,"twilightforest:canopy_sapling":2,"mekanism:alloy_reinforced":18,"pipez:fluid_pipe":9,"ftbquests:book":6,"projecte:philosophers_stone":4,"sophisticatedstorage:chest":5,"allthecompressed:cobblestone_block_1x":215,"minecraft:glowstone_dust":33,"mekanism:chemical_infuser":2,"mekanism:metallurgic_infuser":1,"exnihilosequentia:iron_mesh":16,"patchouli:guide_book":1,"exmachinis:flux_hammer":1,"ae2:certus_quartz_crystal":8,"twilightforest:canopy_log":20,"mekanism:dirty_netherite_scrap":3,"ars_nouveau:wilden_horn":1,"exnihilosequentia:silkworm":105,"minecraft:bundle":4,"minecraft:iron_hoe":1,"thermal:eggplant_seeds":1,"exnihilosequentia:silver_pieces":52,"minecraft:chainmail_helmet":1,"minecraft:bread":95,"industrialforegoing:latex_bucket":2,"alltheores:raw_platinum":1,"thermal:sawdust":8,"twilightforest:ironwood_helmet":1,"minecraft:diamond_pickaxe":1,"alltheores:steel_ingot":19,"alltheores:osmium_ingot":51,"minecraft:coarse_dirt":1,"mekanism:thermal_evaporation_controller":2,"minecraft:nether_wart":1,"minecraft:clay_ball":18,"minecraft:leather_leggings":2,"twilightforest:ironwood_axe":1,"mekanism:alloy_infused":81,"exnihilosequentia:spruce_seeds":1,"mekanism:ingot_refined_obsidian":2,"mekanism:pressurized_reaction_chamber":3,"industrialforegoing:mob_slaughter_factory":1,"minecraft:cracked_stone_bricks":5,"thermal:niter":43,"minecraft:iron_nugget":10,"minecraft:poppy":3,"minecraft:chest":31,"minecraft:raw_copper_block":3,"minecraft:stone":17,"thermal:sadiroot":12,"reliquary:rib_bone":6,"pipez:item_pipe":35,"botania:purple_mushroom":1,"sophisticatedbackpacks:backpack":2,"minecraft:fire_charge":2,"exnihilosequentia:granite_pebble":119,"minecraft:redstone":412,"exmachinis:flux_sieve":1,"exnihilosequentia:stone_pebble":648,"exnihilosequentia:diamond_mesh":2,"mekanism:crusher":1,"minecraft:stone_shovel":5,"minecraft:diamond_chestplate":1,"exnihilosequentia:carrot_seeds":1,"exmachinis:gold_upgrade":3,"industrialforegoing:plant_gatherer":1,"mekanism:osmium_compressor":3,"alltheores:iron_dust":11,"minecraft:gold_ingot":87,"industrialforegoing:laser_lens10":1,"alltheores:raw_osmium":2,"exnihilosequentia:stone_barrel":1,"minecraft:white_wool":9,"exnihilosequentia:basalt_pebble":125,"minecraft:stripped_oak_log":2,"ae2:fluix_dust":6,"rftoolspower:coalgenerator":4,"mekanismgenerators:gas_burning_generator":1,"minecraft:red_mushroom":15,"ars_nouveau:wilden_wing":13,"minecraft:oak_log":176,"exnihilosequentia:iron_pieces":24,"minecraft:golden_boots":1,"botania:red_mushroom":1,"minecraft:paper":46,"tombstone:gift":1,"industrialforegoing:dryrubber":1,"exnihilosequentia:diamond_hammer":1,"pipez:basic_upgrade":2,"exnihilosequentia:aluminum_pieces":84,"minecraft:apple":31,"minecraft:stone_bricks":13,"mekanism:dust_refined_obsidian":1,"minecraft:stone_pickaxe":2,"twilightforest:triple_bow":2,"industrialforegoing:plastic":1,"minecraft:gravel":820,"exnihilosequentia:stone_hammer":4,"exnihilosequentia:birch_seeds":1,"exnihilosequentia:oak_barrel":6,"minecraft:leather_helmet":2,"forbidden_arcanus:arcane_crystal":1,"cookingforblockheads:sink":2,"minecraft:coal_ore":2,"immersiveengineering:seed":21,"minecraft:stone_axe":2,"minecraft:diamond_axe":1,"minecraft:painting":28,"minecraft:baked_potato":3,"minecraft:melon_seeds":1,"thermal:amaranth_seeds":1,"exnihilosequentia:copper_pieces":60,"minecraft:ender_pearl":4,"ars_nouveau:caster_tome":3,"minecraft:wheat":6,"mekanism:alloy_atomic":2,"constructionwand:diamond_wand":8,"mekanism:electrolytic_separator":3,"minecraft:redstone_block":17,"industrialforegoing:plant_sower":1,"minecraft:potion":2,"forbidden_arcanus:mysterywood_sapling":1,"projecte:aeternalis_fuel":1,"mekanism:enriched_redstone":1,"spirit:broken_spawner":1,"minecraft:smooth_stone_slab":4,"minecraft:iron_leggings":2,"thermal:sulfur":210,"cobblefordays:tier_1":2,"minecraft:bucket":1,"reliquary:zombie_heart":2,"mekanism:purification_chamber":2,"exnihilosequentia:emerald_mesh":1,"minecraft:red_dye":1,"minecraft:white_tulip":2,"minecraft:cobblestone_slab":11,"alltheores:iron_ore_hammer":4,"minecraft:iron_boots":1,"twilightforest:firefly_jar":2,"minecraft:furnace":16,"pipez:improved_upgrade":3,"minecraft:stick":118,"apotheosis:gem":3,"minecraft:torch":63,"exnihilosequentia:iron_hammer":9,"tombstone:grave_dust":25,"mekanism:energy_tablet":2,"thermal:flax_seeds":8,"exnihilosequentia:wooden_hammer":1,"pipez:wrench":1,"minecraft:cactus":35,"minecraft:rotten_flesh":94,"thermal:corn_seeds":1,"alltheores:osmium_dust":2,"exnihilosequentia:crushed_netherrack":90,"occultism:datura":3,"reliquary:mob_charm_fragment":1,"mekanism:enriched_diamond":1,"minecraft:obsidian":70,"twilightforest:ice_bow":1,"minecraft:blaze_powder":41,"minecraft:cobblestone":524,"occultism:datura_seeds":18,"minecraft:leather_chestplate":4,"exnihilosequentia:blackstone_pebble":104,"twilightforest:twilight_oak_log":214,"minecraft:golden_leggings":1,"exnihilosequentia:string_mesh":2,"minecraft:light_gray_dye":2,"minecraft:wither_skeleton_skull":1,"minecraft:lapis_lazuli":42,"exnihilosequentia:tin_pieces":23,"minecraft:dirt":40,"constructionwand:iron_wand":2,"minecraft:leather_boots":1,"minecraft:bone":90,"exnihilosequentia:fired_crucible":2,"minecraft:glass":140,"minecraft:bow":3,"minecraft:orange_tulip":4,"minecraft:wheat_seeds":34,"industrialforegoing:laser_drill":1,"minecraft:raw_gold":28,"minecraft:mossy_stone_bricks":9,"minecraft:oak_planks":157,"exnihilosequentia:lead_pieces":118,"exmachinis:diamond_upgrade":1,"tconstruct:necrotic_bone":20,"thermal:flax":2,"minecraft:cooked_porkchop":3,"allthecompressed:sand_block_1x":495,"allthecompressed:gravel_block_1x":1041,"minecraft:sand":7,"minecraft:lily_of_the_valley":2,"mekanism:basic_control_circuit":20,"twilightforest:mossy_etched_nagastone":1,"mekanism:bio_fuel":5,"twilightforest:twilight_scepter":1,"minecraft:clay":1,"twilightforest:twilight_oak_sapling":31,"tombstone:familiar_stone":1,"minecraft:diamond":184,"minecraft:crossbow":1,"minecraft:bone_meal":210,"twilightforest:steeleaf_chestplate":1,"mekanism:advanced_control_circuit":9,"minecraft:emerald":2,"minecraft:oak_sapling":94,"minecraft:netherrack":91,"twilightforest:torchberries":4,"reliquary:withered_rib":1,"functionalstorage:oak_1":1,"minecraft:charcoal":96,"mekanism:clump_iron":8,"botania:white_mushroom":1,"twilightforest:ironwood_boots":1,"minecraft:ladder":4,"minecraft:turtle_helmet":4,"industrialforegoing:fluid_extractor":1,"minecraft:brown_mushroom":38,"thermal:cinnabar":72,"reliquary:mob_charm":1,"twilightforest:nagastone":1,"minecraft:shield":3,"minecraft:iron_axe":6,"exnihilosequentia:potato_seeds":1,"exnihilosequentia:dust":2907,"industrialforegoing:meat_bucket":2,"minecraft:oak_boat":1,"minecraft:player_head":2,"minecraft:raw_iron":21,"mekanism:dirty_dust_iron":4,"thermal:dynamo_magmatic":1,"twilightforest:knightmetal_axe":2,"exnihilosequentia:diorite_pebble":134,"thermal:green_bean":12,"mekanism:thermal_evaporation_block":5,"exnihilosequentia:nickel_pieces":14,"minecraft:arrow":39,"ae2:certus_quartz_dust":204,"forbidden_arcanus:spawner_scrap":2,"minecraft:glow_ink_sac":16,"minecraft:leather":7,"ironchests:copper_chest":1,"minecraft:chainmail_chestplate":1,"minecraft:gunpowder":71,"allthecompressed:cobblestone_block_2x":18,"twilightforest:twilight_oak_planks":6,"botania:yellow_mushroom":4,"mekanism:enriched_refined_obsidian":1,"mekanism:enrichment_chamber":4,"ae2:sky_dust":261,"rftoolsbase:dimensionalshard":82,"industrialforegoing:latex_processing_unit":1,"minecraft:iron_ingot":275,"industrialforegoing:tinydryrubber":4,"minecraft:cooked_chicken":7,"thermal:tomato_seeds":1,"minecraft:soul_sand":1,"minecraft:book":279,"mekanism:ingot_steel":3,"minecraft:oak_slab":1,"industrialforegoing:machine_frame_pity":1,"minecraft:dandelion":10,"minecraft:raw_iron_block":1,"mekanism:basic_chemical_tank":2,"minecraft:lava_bucket":1,"alltheores:raw_uranium":1,"minecraft:white_bed":4,"twilightforest:knightmetal_sword":1,"industrialforegoing:ore_laser_base":1,"minecraft:spider_eye":4,"mekanismgenerators:wind_generator":1,"minecraft:pumpkin_seeds":2,"minecraft:chainmail_leggings":6,"minecraft:iron_helmet":1,"mekanism:fluorite_gem":91,"minecraft:terracotta":1,"tombstone:magic_scroll":1,"twilightforest:steeleaf_pickaxe":4,"minecraft:coal":64},"minecraft:custom":{"minecraft:interact_with_crafting_table":318,"minecraft:leave_game":9,"minecraft:time_since_death":74473,"minecraft:damage_blocked_by_shield":1806,"minecraft:play_time":1270228,"minecraft:deaths":81,"tombstone:tomb_raiding":1,"minecraft:jump":6583,"minecraft:interact_with_furnace":275,"minecraft:traded_with_villager":13,"minecraft:sleep_in_bed":30,"minecraft:damage_dealt":26873,"tombstone:undead_killed":70,"minecraft:inspect_hopper":1,"minecraft:sneak_time":23248,"minecraft:total_world_time":1270228,"minecraft:time_since_rest":3436,"minecraft:use_wand":1994,"minecraft:swim_one_cm":6139,"minecraft:fly_one_cm":1246231,"minecraft:open_chest":1328,"minecraft:fall_one_cm":137991,"minecraft:animals_bred":4,"minecraft:damage_resisted":926,"minecraft:sprint_one_cm":1859379,"minecraft:drop":1069,"minecraft:talked_to_villager":18,"minecraft:walk_on_water_one_cm":16011,"minecraft:player_kills":5,"minecraft:crouch_one_cm":34561,"minecraft:mob_kills":126,"minecraft:damage_dealt_resisted":356,"minecraft:climb_one_cm":6953,"minecraft:walk_one_cm":1685983,"minecraft:walk_under_water_one_cm":841,"minecraft:damage_absorbed":2336,"minecraft:damage_taken":28606,"minecraft:trigger_trapped_chest":1},"minecraft:dropped":{"industrialforegoing:plant_sower":1,"industrialforegoing:plastic":6,"mekanism:electrolytic_separator":5,"exnihilosequentia:granite_pebble":10,"occultism:datura_seeds":2,"minecraft:lapis_lazuli":13,"minecraft:cooked_beef":3,"minecraft:diamond":55,"minecraft:orange_tulip":1,"thermal:dynamo_magmatic":1,"exnihilosequentia:diamond_hammer":1,"thermal:corn_seeds":1,"mekanism:basic_control_circuit":11,"minecraft:emerald":97,"alltheores:osmium_ingot":1,"minecraft:dirt":5,"exmachinis:flux_sieve":1,"constructionwand:iron_wand":1,"minecraft:yellow_dye":9,"exnihilosequentia:wooden_hammer":1,"industrialforegoing:laser_lens10":1,"mekanism:clump_iron":4,"minecraft:bone_meal":18,"projecte:philosophers_stone":2,"minecraft:sand":8,"exnihilosequentia:tin_pieces":1,"ironchests:copper_chest":1,"minecraft:white_wool":40,"exnihilosequentia:oak_sieve":2,"minecraft:bone":20,"industrialforegoing:machine_frame_pity":1,"minecraft:stone_axe":1,"minecraft:iron_nugget":5,"mekanismgenerators:gas_burning_generator":1,"exnihilosequentia:nickel_pieces":1,"minecraft:wheat":2,"minecraft:obsidian":35,"minecraft:rotten_flesh":18,"thermal:sawdust":1,"minecraft:oak_planks":91,"exnihilosequentia:potato_seeds":1,"twilightforest:knightmetal_axe":1,"thermal:eggplant_seeds":1,"mekanism:alloy_infused":22,"mekanism:energy_tablet":2,"minecraft:charcoal":17,"exnihilosequentia:stone_pebble":61,"exnihilosequentia:wooden_crook":1,"minecraft:glass":68,"pipez:improved_upgrade":1,"exnihilosequentia:iron_mesh":3,"minecraft:iron_ingot":35,"create:rose_quartz":6,"minecraft:wheat_seeds":5,"pipez:basic_upgrade":3,"minecraft:cobblestone":166,"exmachinis:diamond_upgrade":1,"mekanism:thermal_evaporation_valve":3,"mekanism:basic_chemical_tank":1,"minecraft:apple":9,"minecraft:coal":6,"minecraft:lava_bucket":1,"exnihilosequentia:aluminum_pieces":4,"exnihilosequentia:blackstone_pebble":11,"minecraft:red_dye":2,"minecraft:chainmail_leggings":2,"minecraft:string":3,"mekanism:dirty_netherite_scrap":6,"ars_nouveau:caster_tome":3,"mekanism:pressurized_reaction_chamber":1,"mekanism:thermal_evaporation_block":63,"thermal:amaranth_seeds":1,"mekanism:crusher":1,"minecraft:stone_shovel":1,"sophisticatedbackpacks:backpack":1,"industrialforegoing:ore_laser_base":1,"exnihilosequentia:gold_pieces":2,"minecraft:diamond_sword":2,"thermal:tomato_seeds":1,"pipez:item_pipe":73,"minecraft:stone":3,"pipez:energy_pipe":125,"minecraft:diamond_pickaxe":1,"minecraft:spider_eye":1,"minecraft:stone_bricks":1,"minecraft:light_gray_dye":4,"minecraft:bow":1,"mekanism:ingot_steel":2,"pipez:wrench":2,"minecraft:orange_dye":1,"minecraft:diamond_axe":1,"minecraft:oak_log":31,"exnihilosequentia:diorite_pebble":7,"exnihilosequentia:iron_hammer":8,"minecraft:flint":4,"constructionwand:diamond_wand":7,"mekanism:purification_chamber":1,"industrialforegoing:latex_processing_unit":1,"industrialforegoing:dryrubber":1,"exnihilosequentia:stone_hammer":5,"ftbquests:book":6,"mekanismgenerators:wind_generator":1,"minecraft:gold_ingot":39,"minecraft:gravel":52,"industrialforegoing:pink_slime_bucket":2,"spirit:broken_spawner":1,"exnihilosequentia:silkworm":1,"ae2:sky_dust":3,"minecraft:poppy":2,"minecraft:leather_chestplate":1,"minecraft:gunpowder":7,"twilightforest:steeleaf_pickaxe":2,"twilightforest:triple_bow":1,"mekanism:alloy_atomic":2,"minecraft:iron_ore":3,"minecraft:arrow":2,"mekanism:thermal_evaporation_controller":1,"immersiveengineering:seed":10,"cookingforblockheads:sink":1,"exnihilosequentia:basalt_pebble":10,"minecraft:water_bucket":3,"minecraft:bread":175,"allthecompressed:gravel_block_1x":67,"thermal:machine_pulverizer":1,"exnihilosequentia:iron_pieces":17,"exnihilosequentia:emerald_mesh":1,"cobblefordays:tier_1":1,"exnihilosequentia:andesite_pebble":14,"exnihilosequentia:string_mesh":1,"minecraft:stick":48,"exmachinis:flux_hammer":1,"minecraft:blue_dye":1,"mekanism:enrichment_chamber":1,"tombstone:grave_key":5,"alltheores:iron_ore_hammer":1,"forbidden_arcanus:spawner_scrap":1,"exnihilosequentia:dust":279,"minecraft:iron_axe":3,"mekanism:basic_fluid_tank":6,"industrialforegoing:fluid_extractor":1,"industrialforegoing:laser_drill":1,"industrialforegoing:meat_bucket":2,"allthecompressed:sand_block_1x":32,"thermal:sulfur":4,"exnihilosequentia:flint_mesh":1,"minecraft:redstone":193,"mekanism:metallurgic_infuser":1,"forbidden_arcanus:mysterywood_sapling":1,"minecraft:raw_iron":3,"mekanism:osmium_compressor":1,"twilightforest:twilight_scepter":1,"exmachinis:gold_upgrade":4,"minecraft:iron_hoe":2,"mekanism:alloy_reinforced":9,"minecraft:glass_pane":11,"exnihilosequentia:diamond_mesh":1,"pipez:fluid_pipe":37,"minecraft:shield":3,"industrialforegoing:latex_bucket":2,"exnihilosequentia:lead_pieces":1,"minecraft:mossy_stone_bricks":2,"exnihilosequentia:silver_pieces":6,"ae2:certus_quartz_dust":4,"mekanism:chemical_infuser":4,"minecraft:stone_pickaxe":1,"rftoolspower:coalgenerator":1,"thermal:niter":7,"twilightforest:twilight_oak_log":18,"industrialforegoing:plant_gatherer":1},"minecraft:crafted":{"pipez:basic_upgrade":3,"pipez:wrench":1,"pipez:improved_upgrade":2,"mekanism:electrolytic_separator":3,"pipez:item_pipe":32,"thermal:machine_frame":1,"exnihilosequentia:stone_barrel":4,"mekanism:chemical_washer":1,"minecraft:glass":56,"mekanism:thermal_evaporation_controller":1,"alltheores:osmium_dust":12,"minecraft:melon_seeds":1,"allthecompressed:netherrack_block_1x":10,"mekanism:chemical_dissolution_chamber":1,"mekanism:rotary_condensentrator":1,"mekanism:energy_tablet":10,"minecraft:blue_stained_glass":8,"minecraft:diamond_axe":1,"mekanism:chemical_injection_chamber":1,"minecraft:gravel":3474,"alltheores:raw_silver":27,"alltheores:raw_tin":16,"minecraft:copper_ingot":44,"mekanism:advanced_thermodynamic_conductor":16,"minecraft:campfire":5,"exnihilosequentia:wooden_hammer":1,"minecraft:stone_slab":6,"minecraft:iron_block":20,"minecraft:gold_ingot":148,"minecraft:light_gray_dye":2,"mekanism:osmium_compressor":2,"mekanism:thermal_evaporation_valve":2,"minecraft:stone_shovel":2,"minecraft:iron_nugget":36,"mekanism:basic_chemical_tank":13,"minecraft:bone_meal":6,"alltheores:copper_gear":2,"minecraft:terracotta":16,"twilightforest:twilight_oak_planks":352,"minecraft:stone_pickaxe":1,"twilightforest:canopy_planks":16,"alltheores:steel_ingot":153,"minecraft:redstone_block":26,"minecraft:coal_block":9,"constructionwand:diamond_wand":1,"alltheores:osmium_ingot":106,"mekanism:dynamic_tank":8,"mekanism:ultimate_control_circuit":6,"allthecompressed:cobblestone_block_1x":1394,"minecraft:orange_dye":1,"minecraft:cobblestone":419,"alltheores:tin_dust":32,"minecraft:wooden_axe":1,"exnihilosequentia:string_mesh":16,"minecraft:oak_planks":216,"minecraft:cobblestone_slab":30,"minecraft:barrel":2,"mekanismgenerators:gas_burning_generator":1,"mekanism:electrolytic_core":4,"alltheores:iron_ore_hammer":5,"minecraft:sand":2376,"minecraft:stone":30,"pipez:fluid_pipe":32,"alltheores:tin_ingot":32,"minecraft:iron_boots":1,"minecraft:raw_copper":108,"thermal:machine_pulverizer":1,"minecraft:chest":40,"mekanism:basic_fluid_tank":2,"mekanism:elite_control_circuit":8,"minecraft:ender_eye":3,"alltheores:steel_dust":164,"minecraft:dropper":8,"rftoolspower:coalgenerator":1,"minecraft:oak_slab":60,"mekanism:chemical_infuser":3,"minecraft:crafting_table":2,"alltheores:diamond_dust":143,"minecraft:wooden_pickaxe":1,"constructionwand:iron_wand":1,"minecraft:brown_dye":6,"pipez:gas_pipe":32,"twilightforest:twilight_oak_slab":6,"mekanism:purification_chamber":2,"mekanism:thermal_evaporation_block":72,"minecraft:yellow_dye":9,"exnihilosequentia:stone_hammer":2,"minecraft:diamond_pickaxe":2,"minecraft:charcoal":628,"mekanism:steel_casing":16,"minecraft:shield":3,"minecraft:stick":152,"mekanism:crusher":1,"minecraft:iron_ingot":570,"mekanism:resistive_heater":1,"minecraft:redstone_torch":2,"alltheores:osmium_nugget":9,"croptopia:apple_sapling":2,"minecraft:raw_iron":252,"minecraft:coal":81,"rftoolsbase:machine_frame":1,"mekanismgenerators:wind_generator":4,"alltheores:raw_osmium":95,"mekanism:pressurized_reaction_chamber":1,"mekanism:personal_barrel":1,"minecraft:furnace":21,"alltheores:gold_dust":10,"minecraft:piston":1,"mekanism:chemical_oxidizer":1,"minecraft:glass_pane":16,"exnihilosequentia:oak_sieve":9,"mekanism:elite_thermodynamic_conductor":16,"exnihilosequentia:flint_mesh":9,"minecraft:iron_axe":3,"exnihilosequentia:iron_hammer":1,"alltheores:tin_gear":1,"exnihilosequentia:wooden_crook":2,"sophisticatedbackpacks:iron_backpack":1,"minecraft:red_dye":1,"exnihilosequentia:oak_barrel":1,"mekanism:metallurgic_infuser":1,"pipez:energy_pipe":16,"mekanism:chemical_crystallizer":1,"minecraft:bucket":2,"minecraft:stone_axe":2,"minecraft:air":0,"minecraft:bread":213,"mekanism:basic_thermodynamic_conductor":16,"minecraft:blue_dye":4,"minecraft:white_wool":32,"minecraft:gold_nugget":9,"mekanism:enrichment_chamber":4,"minecraft:raw_gold":173,"allthecompressed:cobblestone_block_2x":20,"mekanism:advanced_control_circuit":16,"alltheores:iron_dust":190,"minecraft:andesite":6,"minecraft:torch":224,"cookingforblockheads:sink":1,"thermal:rf_coil":1,"minecraft:clay":16}},"DataVersion":2975}