{"stats":{"minecraft:killed_by":{"minecraft:zombie":1},"minecraft:crafted":{"minecraft:shield":1,"minecraft:crafting_table":4,"minecraft:spruce_planks":48,"minecraft:stick":48,"minecraft:iron_pickaxe":1,"minecraft:iron_ingot":7,"minecraft:wooden_pickaxe":1,"minecraft:stone_pickaxe":2,"minecraft:furnace":2,"minecraft:bucket":1,"minecraft:birch_planks":116,"minecraft:stone_axe":2,"minecraft:cooked_mutton":5,"minecraft:air":0},"minecraft:used":{"minecraft:cooked_mutton":2,"minecraft:stone_pickaxe":70,"minecraft:iron_pickaxe":121,"minecraft:wooden_pickaxe":10,"minecraft:stone_axe":67,"minecraft:dirt":7,"minecraft:sweet_berries":11,"minecraft:crafting_table":5,"minecraft:furnace":5},"minecraft:custom":{"minecraft:time_since_rest":22489,"minecraft:interact_with_furnace":14,"minecraft:sprint_one_cm":104956,"minecraft:damage_taken":510,"minecraft:walk_one_cm":84257,"minecraft:mob_kills":11,"minecraft:damage_dealt":1002,"minecraft:swim_one_cm":11478,"minecraft:interact_with_crafting_table":13,"minecraft:fly_one_cm":33884,"minecraft:crouch_one_cm":111,"minecraft:play_time":28467,"minecraft:deaths":1,"minecraft:sneak_time":156,"minecraft:walk_under_water_one_cm":1983,"minecraft:jump":469,"minecraft:leave_game":1,"minecraft:time_since_death":22465,"minecraft:walk_on_water_one_cm":3173,"minecraft:total_world_time":28467,"minecraft:fall_one_cm":7456},"minecraft:picked_up":{"minecraft:birch_log":29,"minecraft:raw_iron":9,"minecraft:crafting_table":5,"minecraft:sweet_berries":11,"minecraft:andesite":20,"minecraft:wooden_pickaxe":1,"minecraft:spruce_sapling":2,"minecraft:diorite":1,"minecraft:spruce_log":17,"minecraft:dirt":19,"minecraft:arrow":4,"minecraft:bone":2,"minecraft:wheat_seeds":2,"minecraft:iron_ingot":2,"minecraft:gray_wool":2,"minecraft:light_gray_wool":2,"minecraft:mutton":13,"minecraft:coal":43,"minecraft:white_wool":6,"minecraft:cobblestone":134,"minecraft:furnace":4},"minecraft:killed":{"minecraft:sheep":10,"minecraft:skeleton":1},"minecraft:mined":{"minecraft:furnace":4,"minecraft:birch_log":29,"minecraft:iron_ore":9,"minecraft:sweet_berry_bush":9,"minecraft:spruce_log":16,"minecraft:andesite":23,"minecraft:crafting_table":5,"minecraft:short_grass":1,"minecraft:grass_block":10,"minecraft:coal_ore":21,"minecraft:dirt":9,"minecraft:spruce_leaves":12,"minecraft:stone":125,"minecraft:diorite":1,"minecraft:fern":2}},"DataVersion":3955}