{"stats":{"minecraft:crafted":{"minecraft:stone_axe":1,"minecraft:crafting_table":3,"minecraft:spruce_planks":24,"minecraft:stick":16,"minecraft:stone_pickaxe":1,"minecraft:wooden_pickaxe":1},"minecraft:used":{"minecraft:stone_axe":3,"minecraft:dirt":3,"minecraft:crafting_table":1,"minecraft:stone_pickaxe":26,"minecraft:wooden_pickaxe":7},"minecraft:picked_up":{"minecraft:crafting_table":1,"minecraft:bone":1,"minecraft:arrow":2,"minecraft:wheat_seeds":1,"minecraft:spruce_log":6,"minecraft:dirt":4,"minecraft:cobblestone":22},"minecraft:custom":{"minecraft:time_since_rest":4467,"minecraft:play_time":4467,"minecraft:sprint_one_cm":4558,"minecraft:damage_taken":200,"minecraft:walk_one_cm":8784,"minecraft:sneak_time":125,"minecraft:mob_kills":1,"minecraft:jump":58,"minecraft:damage_dealt":202,"minecraft:time_since_death":4467,"minecraft:leave_game":1,"minecraft:total_world_time":4467,"minecraft:interact_with_crafting_table":3,"minecraft:fall_one_cm":1142,"minecraft:fly_one_cm":1832},"minecraft:killed":{"minecraft:skeleton":1},"minecraft:mined":{"minecraft:grass_block":1,"minecraft:dirt":3,"minecraft:spruce_leaves":4,"minecraft:spruce_log":6,"minecraft:stone":22,"minecraft:crafting_table":1,"minecraft:fern":2}},"DataVersion":3955}