{"stats":{"minecraft:killed_by":{"twilightforest:lich_minion":1,"twilightforest:death_tome":1,"minecraft:zoglin":2,"ars_nouveau:wilden_hunter":4,"minecraft:zombie":13,"twilightforest:naga":2,"minecraft:zombified_piglin":3,"minecraft:wither_skeleton":2,"twilightforest:skeleton_druid":2,"minecraft:creeper":4,"minecraft:blaze":1,"minecraft:player":8,"ars_nouveau:wilden_stalker":1,"twilightforest:knight_phantom":1,"minecraft:skeleton":10},"minecraft:picked_up":{"minecraft:iron_chestplate":1,"exnihilomekanism:osmium_pieces":85,"minecraft:lead":1,"minecraft:diamond_sword":1,"minecraft:golden_shovel":2,"exnihilosequentia:andesite_pebble":103,"exnihilosequentia:flint_mesh":4,"minecraft:string":348,"pipez:energy_pipe":94,"thermal:barley_seeds":2,"industrialforegoing:pink_slime_bucket":2,"minecraft:gold_nugget":6,"exnihilosequentia:oak_sieve":2,"darkutils:tome_pigpen":1,"twilightforest:ironwood_leggings":1,"minecraft:melon_slice":4,"wstweaks:fragment":32,"minecraft:golden_helmet":1,"thermal:sadiroot_seeds":16,"mysticalagriculture:prosperity_shard":1,"minecraft:golden_chestplate":3,"thermal:apatite":79,"minecraft:stone_sword":1,"thermal:radish_seeds":2,"twilightforest:knightmetal_leggings":1,"mekanism:basic_fluid_tank":3,"minecraft:blaze_rod":1,"croptopia:apple_sapling":15,"minecraft:cooked_beef":20,"alltheores:gold_dust":23,"minecraft:water_bucket":1,"minecraft:birch_slab":5,"twilightforest:ironwood_pickaxe":1,"reliquary:molten_core":2,"torcherino:torcherino":1,"minecraft:flint":336,"exnihilosequentia:gold_pieces":20,"mekanism:alloy_reinforced":12,"twilightforest:canopy_sapling":2,"pipez:fluid_pipe":1,"ftbquests:book":6,"projecte:philosophers_stone":3,"sophisticatedstorage:chest":5,"allthecompressed:cobblestone_block_1x":215,"minecraft:glowstone_dust":30,"mekanism:metallurgic_infuser":1,"exnihilosequentia:iron_mesh":7,"exmachinis:flux_hammer":1,"ae2:certus_quartz_crystal":8,"twilightforest:canopy_log":20,"exnihilosequentia:silkworm":105,"ars_nouveau:wilden_horn":1,"minecraft:bundle":3,"minecraft:iron_hoe":1,"thermal:eggplant_seeds":1,"exnihilosequentia:silver_pieces":52,"minecraft:bread":70,"minecraft:chainmail_helmet":1,"industrialforegoing:latex_bucket":2,"alltheores:raw_platinum":1,"thermal:sawdust":8,"twilightforest:ironwood_helmet":1,"alltheores:steel_ingot":6,"alltheores:osmium_ingot":44,"minecraft:coarse_dirt":1,"minecraft:nether_wart":1,"minecraft:clay_ball":18,"minecraft:leather_leggings":1,"twilightforest:ironwood_axe":1,"mekanism:alloy_infused":40,"exnihilosequentia:spruce_seeds":1,"mekanism:pressurized_reaction_chamber":3,"industrialforegoing:mob_slaughter_factory":1,"minecraft:cracked_stone_bricks":5,"thermal:niter":28,"minecraft:poppy":3,"minecraft:chest":29,"minecraft:raw_copper_block":3,"minecraft:stone":14,"thermal:sadiroot":6,"reliquary:rib_bone":1,"botania:purple_mushroom":1,"sophisticatedbackpacks:backpack":2,"minecraft:fire_charge":2,"exnihilosequentia:granite_pebble":118,"minecraft:redstone":412,"exmachinis:flux_sieve":1,"exnihilosequentia:stone_pebble":647,"exnihilosequentia:diamond_mesh":2,"mekanism:crusher":1,"minecraft:stone_shovel":4,"minecraft:diamond_chestplate":1,"exnihilosequentia:carrot_seeds":1,"exmachinis:gold_upgrade":3,"industrialforegoing:plant_gatherer":1,"mekanism:osmium_compressor":2,"alltheores:iron_dust":3,"minecraft:gold_ingot":27,"alltheores:raw_osmium":2,"exnihilosequentia:stone_barrel":1,"minecraft:white_wool":8,"exnihilosequentia:basalt_pebble":125,"minecraft:stripped_oak_log":2,"ae2:fluix_dust":5,"rftoolspower:coalgenerator":4,"mekanismgenerators:gas_burning_generator":1,"minecraft:red_mushroom":11,"ars_nouveau:wilden_wing":11,"minecraft:oak_log":176,"exnihilosequentia:iron_pieces":24,"minecraft:golden_boots":1,"minecraft:paper":46,"tombstone:gift":1,"industrialforegoing:dryrubber":1,"exnihilosequentia:diamond_hammer":1,"pipez:basic_upgrade":2,"exnihilosequentia:aluminum_pieces":22,"minecraft:apple":31,"minecraft:stone_bricks":13,"minecraft:stone_pickaxe":2,"twilightforest:triple_bow":2,"industrialforegoing:plastic":1,"minecraft:gravel":820,"exnihilosequentia:stone_hammer":4,"exnihilosequentia:birch_seeds":1,"exnihilosequentia:oak_barrel":6,"minecraft:leather_helmet":1,"forbidden_arcanus:arcane_crystal":1,"cookingforblockheads:sink":2,"immersiveengineering:seed":20,"minecraft:stone_axe":2,"minecraft:painting":28,"minecraft:baked_potato":3,"minecraft:melon_seeds":1,"thermal:amaranth_seeds":1,"exnihilosequentia:copper_pieces":60,"minecraft:ender_pearl":4,"ars_nouveau:caster_tome":3,"minecraft:wheat":6,"mekanism:electrolytic_separator":2,"constructionwand:diamond_wand":7,"minecraft:redstone_block":17,"industrialforegoing:plant_sower":1,"minecraft:potion":2,"forbidden_arcanus:mysterywood_sapling":1,"mekanism:enriched_redstone":1,"spirit:broken_spawner":1,"minecraft:smooth_stone_slab":4,"minecraft:iron_leggings":2,"thermal:sulfur":146,"cobblefordays:tier_1":2,"mekanism:purification_chamber":2,"reliquary:zombie_heart":2,"minecraft:bucket":1,"exnihilosequentia:emerald_mesh":1,"minecraft:cobblestone_slab":11,"alltheores:iron_ore_hammer":4,"pipez:improved_upgrade":2,"minecraft:furnace":15,"twilightforest:firefly_jar":2,"minecraft:iron_boots":1,"minecraft:stick":117,"apotheosis:gem":3,"minecraft:torch":2,"exnihilosequentia:iron_hammer":9,"tombstone:grave_dust":21,"mekanism:energy_tablet":2,"thermal:flax_seeds":8,"exnihilosequentia:wooden_hammer":1,"pipez:wrench":1,"minecraft:cactus":35,"minecraft:rotten_flesh":72,"thermal:corn_seeds":1,"alltheores:osmium_dust":2,"exnihilosequentia:crushed_netherrack":90,"occultism:datura":3,"reliquary:mob_charm_fragment":1,"mekanism:enriched_diamond":1,"minecraft:obsidian":42,"twilightforest:ice_bow":1,"minecraft:blaze_powder":22,"minecraft:cobblestone":523,"occultism:datura_seeds":11,"minecraft:leather_chestplate":4,"exnihilosequentia:blackstone_pebble":104,"twilightforest:twilight_oak_log":214,"minecraft:golden_leggings":1,"exnihilosequentia:string_mesh":2,"minecraft:wither_skeleton_skull":1,"minecraft:lapis_lazuli":7,"exnihilosequentia:tin_pieces":22,"minecraft:dirt":35,"constructionwand:iron_wand":2,"minecraft:leather_boots":1,"minecraft:bone":73,"exnihilosequentia:fired_crucible":2,"minecraft:glass":46,"minecraft:bow":3,"minecraft:wheat_seeds":34,"minecraft:orange_tulip":1,"minecraft:raw_gold":12,"minecraft:mossy_stone_bricks":9,"minecraft:oak_planks":157,"exnihilosequentia:lead_pieces":47,"exmachinis:diamond_upgrade":1,"tconstruct:necrotic_bone":18,"thermal:flax":2,"allthecompressed:gravel_block_1x":663,"allthecompressed:sand_block_1x":338,"minecraft:sand":7,"mekanism:basic_control_circuit":20,"twilightforest:mossy_etched_nagastone":1,"mekanism:bio_fuel":5,"twilightforest:twilight_scepter":1,"minecraft:clay":1,"tombstone:familiar_stone":1,"twilightforest:twilight_oak_sapling":31,"minecraft:diamond":51,"minecraft:crossbow":1,"minecraft:bone_meal":173,"twilightforest:steeleaf_chestplate":1,"mekanism:advanced_control_circuit":6,"minecraft:emerald":2,"minecraft:oak_sapling":94,"minecraft:netherrack":91,"twilightforest:torchberries":4,"reliquary:withered_rib":1,"functionalstorage:oak_1":1,"minecraft:charcoal":68,"mekanism:clump_iron":8,"botania:white_mushroom":1,"twilightforest:ironwood_boots":1,"minecraft:ladder":4,"minecraft:turtle_helmet":4,"industrialforegoing:fluid_extractor":1,"minecraft:brown_mushroom":31,"thermal:cinnabar":38,"twilightforest:nagastone":1,"minecraft:shield":2,"minecraft:iron_axe":6,"exnihilosequentia:potato_seeds":1,"exnihilosequentia:dust":2898,"industrialforegoing:meat_bucket":2,"minecraft:oak_boat":1,"minecraft:raw_iron":18,"mekanism:dirty_dust_iron":4,"thermal:dynamo_magmatic":1,"twilightforest:knightmetal_axe":2,"exnihilosequentia:diorite_pebble":134,"thermal:green_bean":12,"exnihilosequentia:nickel_pieces":13,"minecraft:arrow":38,"ae2:certus_quartz_dust":203,"forbidden_arcanus:spawner_scrap":2,"minecraft:glow_ink_sac":16,"minecraft:leather":7,"ironchests:copper_chest":1,"minecraft:gunpowder":53,"allthecompressed:cobblestone_block_2x":18,"twilightforest:twilight_oak_planks":2,"mekanism:enrichment_chamber":3,"ae2:sky_dust":213,"rftoolsbase:dimensionalshard":82,"industrialforegoing:latex_processing_unit":1,"minecraft:iron_ingot":247,"industrialforegoing:tinydryrubber":4,"minecraft:cooked_chicken":7,"thermal:tomato_seeds":1,"minecraft:soul_sand":1,"minecraft:book":279,"minecraft:oak_slab":1,"industrialforegoing:machine_frame_pity":1,"minecraft:dandelion":5,"minecraft:lava_bucket":1,"alltheores:raw_uranium":1,"minecraft:white_bed":2,"twilightforest:knightmetal_sword":1,"minecraft:spider_eye":4,"mekanismgenerators:wind_generator":1,"minecraft:pumpkin_seeds":2,"minecraft:chainmail_leggings":5,"minecraft:iron_helmet":1,"mekanism:fluorite_gem":12,"minecraft:terracotta":1,"tombstone:magic_scroll":1,"twilightforest:steeleaf_pickaxe":2,"minecraft:coal":64},"minecraft:custom":{"minecraft:interact_with_crafting_table":212,"minecraft:leave_game":8,"minecraft:time_since_death":32146,"minecraft:damage_blocked_by_shield":1302,"minecraft:play_time":950526,"minecraft:deaths":69,"tombstone:tomb_raiding":1,"minecraft:jump":4876,"minecraft:interact_with_furnace":130,"minecraft:traded_with_villager":13,"minecraft:sleep_in_bed":18,"minecraft:damage_dealt":22667,"tombstone:undead_killed":66,"minecraft:inspect_hopper":1,"minecraft:sneak_time":21916,"minecraft:total_world_time":950526,"minecraft:time_since_rest":32201,"minecraft:use_wand":1606,"minecraft:swim_one_cm":6139,"minecraft:fly_one_cm":864569,"minecraft:open_chest":872,"minecraft:fall_one_cm":102381,"minecraft:animals_bred":2,"minecraft:damage_resisted":530,"minecraft:sprint_one_cm":1292186,"minecraft:drop":942,"minecraft:talked_to_villager":14,"minecraft:walk_on_water_one_cm":14454,"minecraft:player_kills":3,"minecraft:crouch_one_cm":33595,"minecraft:mob_kills":115,"minecraft:damage_dealt_resisted":356,"minecraft:climb_one_cm":6953,"minecraft:walk_one_cm":1349537,"minecraft:walk_under_water_one_cm":841,"minecraft:damage_taken":24205,"minecraft:damage_absorbed":2336,"minecraft:trigger_trapped_chest":1},"minecraft:broken":{"constructionwand:diamond_wand":1,"minecraft:golden_boots":2,"minecraft:iron_leggings":1,"exnihilosequentia:stone_hammer":1,"twilightforest:knightmetal_axe":1,"minecraft:iron_axe":3,"twilightforest:ironwood_helmet":1,"minecraft:golden_helmet":1,"constructionwand:iron_wand":1,"minecraft:stone_axe":2,"minecraft:stone_shovel":2,"twilightforest:steeleaf_chestplate":1,"minecraft:leather_chestplate":2,"minecraft:leather_boots":1},"minecraft:crafted":{"pipez:basic_upgrade":3,"pipez:wrench":1,"pipez:improved_upgrade":2,"mekanism:electrolytic_separator":2,"pipez:item_pipe":32,"exnihilosequentia:stone_barrel":4,"minecraft:glass":41,"alltheores:osmium_dust":10,"minecraft:melon_seeds":1,"allthecompressed:netherrack_block_1x":10,"mekanism:energy_tablet":8,"minecraft:blue_stained_glass":8,"minecraft:diamond_axe":1,"alltheores:raw_silver":27,"minecraft:gravel":1485,"minecraft:campfire":5,"exnihilosequentia:wooden_hammer":1,"minecraft:stone_slab":6,"minecraft:iron_block":5,"minecraft:gold_ingot":61,"mekanism:osmium_compressor":1,"minecraft:stone_shovel":2,"minecraft:iron_nugget":27,"mekanism:basic_chemical_tank":2,"minecraft:bone_meal":6,"twilightforest:twilight_oak_planks":352,"minecraft:stone_pickaxe":1,"twilightforest:canopy_planks":16,"alltheores:steel_ingot":34,"minecraft:redstone_block":26,"constructionwand:diamond_wand":1,"alltheores:osmium_ingot":49,"mekanism:dynamic_tank":4,"allthecompressed:cobblestone_block_1x":888,"minecraft:cobblestone":419,"minecraft:wooden_axe":1,"exnihilosequentia:string_mesh":16,"minecraft:oak_planks":212,"minecraft:cobblestone_slab":30,"alltheores:iron_ore_hammer":2,"mekanism:electrolytic_core":3,"mekanismgenerators:gas_burning_generator":1,"minecraft:sand":495,"minecraft:stone":30,"minecraft:iron_boots":1,"minecraft:chest":32,"minecraft:ender_eye":3,"alltheores:steel_dust":47,"minecraft:dropper":8,"rftoolspower:coalgenerator":1,"minecraft:oak_slab":54,"minecraft:crafting_table":2,"minecraft:wooden_pickaxe":1,"constructionwand:iron_wand":1,"minecraft:brown_dye":6,"twilightforest:twilight_oak_slab":6,"mekanism:purification_chamber":1,"exnihilosequentia:stone_hammer":2,"minecraft:charcoal":280,"minecraft:diamond_pickaxe":2,"mekanism:steel_casing":7,"minecraft:shield":3,"minecraft:stick":148,"mekanism:crusher":1,"minecraft:iron_ingot":183,"minecraft:redstone_torch":2,"alltheores:osmium_nugget":9,"croptopia:apple_sapling":2,"minecraft:raw_iron":56,"mekanismgenerators:wind_generator":4,"rftoolsbase:machine_frame":1,"alltheores:raw_osmium":95,"mekanism:pressurized_reaction_chamber":1,"minecraft:furnace":21,"alltheores:gold_dust":9,"exnihilosequentia:oak_sieve":9,"exnihilosequentia:flint_mesh":9,"minecraft:iron_axe":3,"exnihilosequentia:iron_hammer":1,"exnihilosequentia:wooden_crook":2,"sophisticatedbackpacks:iron_backpack":1,"exnihilosequentia:oak_barrel":1,"mekanism:metallurgic_infuser":1,"pipez:energy_pipe":16,"minecraft:bucket":2,"minecraft:stone_axe":2,"minecraft:bread":150,"minecraft:air":0,"minecraft:blue_dye":4,"minecraft:white_wool":32,"minecraft:gold_nugget":9,"mekanism:enrichment_chamber":3,"minecraft:raw_gold":50,"allthecompressed:cobblestone_block_2x":20,"mekanism:advanced_control_circuit":6,"alltheores:iron_dust":61,"minecraft:andesite":6,"minecraft:torch":224},"minecraft:dropped":{"industrialforegoing:plant_sower":1,"industrialforegoing:plastic":6,"mekanism:electrolytic_separator":3,"exnihilosequentia:granite_pebble":10,"occultism:datura_seeds":2,"minecraft:lapis_lazuli":13,"minecraft:cooked_beef":3,"minecraft:diamond":46,"thermal:dynamo_magmatic":1,"minecraft:orange_tulip":1,"exnihilosequentia:diamond_hammer":1,"thermal:corn_seeds":1,"mekanism:basic_control_circuit":11,"minecraft:emerald":97,"minecraft:dirt":5,"exmachinis:flux_sieve":1,"constructionwand:iron_wand":1,"exnihilosequentia:wooden_hammer":1,"mekanism:clump_iron":4,"minecraft:bone_meal":18,"projecte:philosophers_stone":1,"minecraft:sand":8,"exnihilosequentia:tin_pieces":1,"ironchests:copper_chest":1,"minecraft:white_wool":40,"exnihilosequentia:oak_sieve":2,"minecraft:bone":20,"industrialforegoing:machine_frame_pity":1,"minecraft:stone_axe":1,"mekanismgenerators:gas_burning_generator":1,"exnihilosequentia:nickel_pieces":1,"minecraft:wheat":2,"minecraft:obsidian":35,"minecraft:rotten_flesh":13,"thermal:sawdust":1,"minecraft:oak_planks":91,"exnihilosequentia:potato_seeds":1,"twilightforest:knightmetal_axe":1,"thermal:eggplant_seeds":1,"mekanism:alloy_infused":13,"mekanism:energy_tablet":2,"minecraft:charcoal":17,"exnihilosequentia:stone_pebble":61,"exnihilosequentia:wooden_crook":1,"minecraft:glass":33,"pipez:improved_upgrade":1,"exnihilosequentia:iron_mesh":3,"minecraft:iron_ingot":35,"minecraft:wheat_seeds":5,"pipez:basic_upgrade":3,"minecraft:cobblestone":165,"exmachinis:diamond_upgrade":1,"minecraft:apple":9,"minecraft:coal":6,"minecraft:lava_bucket":1,"exnihilosequentia:aluminum_pieces":4,"exnihilosequentia:blackstone_pebble":11,"minecraft:chainmail_leggings":2,"minecraft:string":3,"ars_nouveau:caster_tome":3,"mekanism:pressurized_reaction_chamber":1,"thermal:amaranth_seeds":1,"mekanism:crusher":1,"minecraft:stone_shovel":1,"sophisticatedbackpacks:backpack":1,"exnihilosequentia:gold_pieces":2,"thermal:tomato_seeds":1,"pipez:item_pipe":55,"pipez:energy_pipe":112,"minecraft:diamond_pickaxe":1,"minecraft:spider_eye":1,"minecraft:stone_bricks":1,"minecraft:bow":1,"pipez:wrench":2,"minecraft:oak_log":31,"exnihilosequentia:diorite_pebble":7,"exnihilosequentia:iron_hammer":8,"minecraft:flint":4,"constructionwand:diamond_wand":6,"mekanism:purification_chamber":1,"industrialforegoing:latex_processing_unit":1,"industrialforegoing:dryrubber":1,"exnihilosequentia:stone_hammer":5,"ftbquests:book":6,"mekanismgenerators:wind_generator":1,"minecraft:gold_ingot":39,"minecraft:gravel":52,"industrialforegoing:pink_slime_bucket":2,"spirit:broken_spawner":1,"exnihilosequentia:silkworm":1,"ae2:sky_dust":3,"minecraft:poppy":2,"minecraft:leather_chestplate":1,"minecraft:gunpowder":7,"twilightforest:steeleaf_pickaxe":1,"twilightforest:triple_bow":1,"minecraft:iron_ore":3,"minecraft:arrow":2,"immersiveengineering:seed":10,"cookingforblockheads:sink":1,"exnihilosequentia:basalt_pebble":10,"minecraft:water_bucket":1,"minecraft:bread":133,"allthecompressed:gravel_block_1x":67,"exnihilosequentia:iron_pieces":17,"exnihilosequentia:emerald_mesh":1,"cobblefordays:tier_1":1,"exnihilosequentia:andesite_pebble":14,"minecraft:stick":47,"exnihilosequentia:string_mesh":1,"exmachinis:flux_hammer":1,"minecraft:blue_dye":1,"mekanism:enrichment_chamber":1,"tombstone:grave_key":5,"alltheores:iron_ore_hammer":1,"forbidden_arcanus:spawner_scrap":1,"exnihilosequentia:dust":279,"mekanism:basic_fluid_tank":5,"minecraft:iron_axe":3,"industrialforegoing:fluid_extractor":1,"industrialforegoing:meat_bucket":2,"allthecompressed:sand_block_1x":32,"thermal:sulfur":4,"exnihilosequentia:flint_mesh":1,"minecraft:redstone":193,"mekanism:metallurgic_infuser":1,"forbidden_arcanus:mysterywood_sapling":1,"mekanism:osmium_compressor":1,"minecraft:raw_iron":3,"twilightforest:twilight_scepter":1,"exmachinis:gold_upgrade":4,"minecraft:iron_hoe":2,"mekanism:alloy_reinforced":8,"exnihilosequentia:diamond_mesh":1,"industrialforegoing:latex_bucket":2,"minecraft:shield":3,"exnihilosequentia:lead_pieces":1,"minecraft:mossy_stone_bricks":2,"exnihilosequentia:silver_pieces":6,"ae2:certus_quartz_dust":4,"minecraft:stone_pickaxe":1,"rftoolspower:coalgenerator":1,"thermal:niter":7,"twilightforest:twilight_oak_log":18,"industrialforegoing:plant_gatherer":1},"minecraft:killed":{"twilightforest:lich_minion":4,"minecraft:skeleton":13,"minecraft:zombie":21,"minecraft:horse":2,"twilightforest:death_tome":1,"minecraft:zombified_piglin":6,"minecraft:spider":12,"minecraft:creeper":4,"twilightforest:skeleton_druid":1,"minecraft:blaze":7,"ars_nouveau:summon_wolf":8,"ars_nouveau:wilden_stalker":9,"ars_nouveau:wilden_hunter":3,"minecraft:wither_skeleton":15},"minecraft:used":{"twilightforest:ice_bow":3,"rftoolspower:coalgenerator":4,"minecraft:chest":60,"constructionwand:iron_wand":25,"minecraft:lava_bucket":5,"twilightforest:twilight_oak_planks":32,"minecraft:bow":51,"minecraft:furnace":9,"twilightforest:steeleaf_chestplate":1,"minecraft:oak_sapling":25,"exnihilosequentia:stone_pebble":51,"minecraft:mossy_stone_bricks":1,"minecraft:wooden_pickaxe":9,"exnihilosequentia:diamond_hammer":217,"exnihilosequentia:oak_sieve":9,"exnihilosequentia:stone_barrel":5,"sophisticatedstorage:chest":4,"minecraft:diamond_sword":10,"allthecompressed:cobblestone_block_1x":598,"exnihilosequentia:wooden_hammer":8,"minecraft:torch":129,"twilightforest:knightmetal_axe":310,"minecraft:iron_axe":523,"mekanism:purification_chamber":1,"carryon:entity_item":2,"minecraft:melon_seeds":1,"torcherino:torcherino":1,"cobblefordays:tier_1":1,"constructionwand:diamond_wand":56,"tombstone:gift":7,"minecraft:wheat_seeds":1,"allthecompressed:sand_block_1x":250,"twilightforest:steeleaf_pickaxe":27,"minecraft:water_bucket":1,"exnihilosequentia:granite_pebble":3,"minecraft:cracked_stone_bricks":2,"twilightforest:twilight_oak_sapling":1,"minecraft:oak_slab":1,"minecraft:crafting_table":2,"croptopia:apple_sapling":2,"minecraft:white_bed":2,"minecraft:campfire":3,"industrialforegoing:latex_bucket":1,"minecraft:diamond_pickaxe":98,"exnihilosequentia:oak_barrel":8,"minecraft:cobblestone":1689,"allthecompressed:gravel_block_1x":120,"minecraft:dandelion":1,"immersiveengineering:seed":1,"minecraft:shield":37,"minecraft:obsidian":1,"thermal:sadiroot_seeds":1,"mekanismgenerators:wind_generator":3,"minecraft:golden_boots":1,"minecraft:stone_pickaxe":50,"minecraft:oak_planks":38,"minecraft:diamond_axe":8,"minecraft:white_wool":9,"twilightforest:ironwood_axe":70,"allthecompressed:cobblestone_block_2x":18,"mekanism:crusher":1,"minecraft:bread":60,"minecraft:melon_slice":4,"minecraft:string":4,"mekanism:metallurgic_infuser":1,"twilightforest:triple_bow":22,"exnihilosequentia:dust":13,"minecraft:gravel":15,"minecraft:golden_helmet":1,"exnihilosequentia:stone_hammer":230,"minecraft:smooth_stone_slab":4,"minecraft:coarse_dirt":1,"minecraft:bone_meal":38,"mekanism:enrichment_chamber":3,"minecraft:stone_shovel":1,"minecraft:cooked_chicken":2,"minecraft:dirt":8,"minecraft:wooden_axe":24,"allthecompressed:netherrack_block_1x":10,"exnihilosequentia:andesite_pebble":7,"exnihilosequentia:wooden_crook":19,"mekanism:pressurized_reaction_chamber":2,"minecraft:cooked_beef":13,"exnihilosequentia:fired_crucible":4,"minecraft:iron_ore":1,"exnihilosequentia:diorite_pebble":10,"minecraft:cobblestone_slab":31,"minecraft:painting":5,"exnihilosequentia:iron_hammer":983,"minecraft:apple":16,"minecraft:stone_axe":217,"projecte:philosophers_stone":17,"exnihilosequentia:basalt_pebble":11,"exnihilosequentia:blackstone_pebble":5,"minecraft:bucket":6,"pipez:energy_pipe":14},"minecraft:mined":{"mekanismgenerators:wind_generator":1,"exnihilosequentia:oak_sieve":2,"mekanism:purification_chamber":1,"minecraft:nether_wart":4,"minecraft:spawner":2,"minecraft:fire":15,"minecraft:tripwire":3,"minecraft:brown_mushroom":1,"pipez:energy_pipe":7,"mekanism:enrichment_chamber":2,"alltheores:uranium_ore":2,"minecraft:torch":1,"forbidden_arcanus:thin_cherrywood_log":1,"rftoolsbase:dimensionalshard_overworld":19,"minecraft:wheat":1,"twilightforest:twilight_oak_planks":2,"minecraft:grass":23,"allthecompressed:netherrack_block_1x":10,"minecraft:red_mushroom_block":6,"twilightforest:canopy_log":19,"alltheores:osmium_ore":2,"functionalstorage:oak_1":1,"twilightforest:twilight_oak_leaves":13,"minecraft:cobblestone_slab":11,"ars_nouveau:rune":1,"ae2:quartz_ore":14,"minecraft:oak_slab":1,"minecraft:glass_pane":2,"minecraft:dandelion":4,"minecraft:tall_grass":50,"mekanism:pressurized_reaction_chamber":1,"minecraft:gravel":13,"minecraft:stone_bricks":20,"minecraft:fern":6,"minecraft:oak_sapling":3,"minecraft:grass_block":12,"allthecompressed:cobblestone_block_2x":18,"alltheores:platinum_ore":1,"exnihilosequentia:oak_barrel":7,"sophisticatedstorage:chest":3,"minecraft:poppy":1,"forbidden_arcanus:cherry_flower_vines":1,"minecraft:chest":22,"twilightforest:twilight_oak_log":177,"minecraft:mushroom_stem":4,"minecraft:cobblestone":174,"minecraft:oak_planks":24,"mekanism:fluorite_ore":1,"twilightforest:root":1,"minecraft:orange_tulip":1,"minecraft:smooth_stone_slab":2,"minecraft:oak_log":137,"minecraft:dirt":12,"minecraft:oak_leaves":36,"exnihilosequentia:infested_leaves":3,"mysticalagriculture:prosperity_ore":1,"allthecompressed:cobblestone_block_1x":754,"minecraft:large_fern":15,"forbidden_arcanus:arcane_crystal_ore":2,"minecraft:furnace":3,"rftoolspower:coalgenerator":2,"minecraft:bookshelf":87,"twilightforest:firefly_jar":2,"minecraft:stripped_oak_log":2,"minecraft:stone":32,"sophisticatedbackpacks:backpack":1,"twilightforest:root_strand":2,"minecraft:infested_stone_bricks":1,"exnihilosequentia:dust":10,"exnihilosequentia:stone_barrel":1,"allthecompressed:gravel_block_1x":186,"allthecompressed:sand_block_1x":256,"minecraft:cracked_stone_bricks":4,"minecraft:mossy_stone_bricks":8}},"DataVersion":2975}