{"stats":{"minecraft:killed_by":{"minecraft:zombie":1},"minecraft:crafted":{"minecraft:crafting_table":4,"minecraft:spruce_planks":44,"minecraft:stick":48,"minecraft:iron_pickaxe":1,"minecraft:iron_ingot":3,"minecraft:wooden_pickaxe":1,"minecraft:stone_pickaxe":2,"minecraft:furnace":1,"minecraft:stone_axe":2,"minecraft:air":0},"minecraft:used":{"minecraft:stone_pickaxe":68,"minecraft:iron_pickaxe":2,"minecraft:wooden_pickaxe":10,"minecraft:stone_axe":19,"minecraft:dirt":3,"minecraft:sweet_berries":11,"minecraft:crafting_table":3,"minecraft:furnace":1},"minecraft:picked_up":{"minecraft:raw_iron":3,"minecraft:crafting_table":3,"minecraft:sweet_berries":11,"minecraft:wooden_pickaxe":1,"minecraft:spruce_sapling":2,"minecraft:diorite":1,"minecraft:spruce_log":16,"minecraft:dirt":6,"minecraft:arrow":4,"minecraft:bone":2,"minecraft:wheat_seeds":2,"minecraft:coal":25,"minecraft:cobblestone":58,"minecraft:furnace":1},"minecraft:custom":{"minecraft:time_since_rest":10489,"minecraft:interact_with_furnace":2,"minecraft:sprint_one_cm":53264,"minecraft:damage_taken":490,"minecraft:walk_one_cm":42349,"minecraft:mob_kills":1,"minecraft:damage_dealt":202,"minecraft:swim_one_cm":11478,"minecraft:interact_with_crafting_table":7,"minecraft:fly_one_cm":21932,"minecraft:crouch_one_cm":111,"minecraft:play_time":16467,"minecraft:deaths":1,"minecraft:sneak_time":156,"minecraft:walk_under_water_one_cm":1062,"minecraft:jump":333,"minecraft:leave_game":1,"minecraft:time_since_death":10465,"minecraft:walk_on_water_one_cm":2828,"minecraft:total_world_time":16467,"minecraft:fall_one_cm":5689},"minecraft:killed":{"minecraft:skeleton":1},"minecraft:mined":{"minecraft:furnace":1,"minecraft:iron_ore":3,"minecraft:sweet_berry_bush":9,"minecraft:spruce_log":16,"minecraft:crafting_table":3,"minecraft:short_grass":1,"minecraft:grass_block":2,"minecraft:coal_ore":21,"minecraft:dirt":3,"minecraft:spruce_leaves":12,"minecraft:stone":41,"minecraft:diorite":1,"minecraft:fern":2}},"DataVersion":3955}