{"stats":{"minecraft:killed_by":{"twilightforest:lich_minion":1,"twilightforest:skeleton_druid":2,"minecraft:creeper":3,"ars_nouveau:wilden_hunter":3,"minecraft:zombie":9,"minecraft:player":8,"twilightforest:naga":2,"ars_nouveau:wilden_stalker":1,"twilightforest:knight_phantom":1,"minecraft:skeleton":9},"minecraft:picked_up":{"minecraft:wheat":6,"minecraft:redstone_block":17,"constructionwand:diamond_wand":4,"mekanism:electrolytic_separator":2,"industrialforegoing:plant_sower":1,"exnihilomekanism:osmium_pieces":85,"minecraft:lead":1,"minecraft:potion":2,"exnihilosequentia:andesite_pebble":103,"minecraft:iron_leggings":1,"forbidden_arcanus:mysterywood_sapling":1,"spirit:broken_spawner":1,"thermal:barley_seeds":2,"exnihilosequentia:flint_mesh":4,"minecraft:string":345,"mekanism:enriched_redstone":1,"pipez:energy_pipe":94,"thermal:sulfur":146,"cobblefordays:tier_1":2,"minecraft:bucket":1,"mekanism:purification_chamber":2,"exnihilosequentia:oak_sieve":2,"exnihilosequentia:emerald_mesh":1,"darkutils:tome_pigpen":1,"twilightforest:ironwood_leggings":1,"alltheores:iron_ore_hammer":4,"minecraft:melon_slice":4,"minecraft:iron_boots":1,"twilightforest:firefly_jar":2,"minecraft:furnace":13,"pipez:improved_upgrade":2,"minecraft:golden_helmet":1,"minecraft:stick":105,"apotheosis:gem":2,"thermal:sadiroot_seeds":16,"minecraft:torch":1,"exnihilosequentia:iron_hammer":9,"tombstone:grave_dust":11,"mekanism:energy_tablet":2,"thermal:flax_seeds":8,"minecraft:golden_chestplate":1,"pipez:wrench":1,"thermal:apatite":79,"exnihilosequentia:wooden_hammer":1,"minecraft:rotten_flesh":48,"thermal:corn_seeds":1,"alltheores:osmium_dust":2,"occultism:datura":3,"thermal:radish_seeds":2,"reliquary:mob_charm_fragment":1,"mekanism:basic_fluid_tank":3,"mekanism:enriched_diamond":1,"minecraft:obsidian":2,"minecraft:blaze_powder":22,"minecraft:cobblestone":441,"twilightforest:twilight_oak_log":76,"occultism:datura_seeds":11,"exnihilosequentia:blackstone_pebble":104,"croptopia:apple_sapling":15,"minecraft:leather_chestplate":4,"alltheores:gold_dust":23,"minecraft:cooked_beef":20,"minecraft:water_bucket":1,"twilightforest:ironwood_pickaxe":1,"torcherino:torcherino":1,"exnihilosequentia:string_mesh":2,"minecraft:flint":336,"exnihilosequentia:tin_pieces":22,"exnihilosequentia:gold_pieces":20,"minecraft:lapis_lazuli":7,"minecraft:dirt":35,"constructionwand:iron_wand":1,"twilightforest:canopy_sapling":2,"mekanism:alloy_reinforced":12,"minecraft:leather_boots":1,"exnihilosequentia:fired_crucible":1,"minecraft:glass":46,"minecraft:bone":32,"pipez:fluid_pipe":1,"minecraft:bow":3,"minecraft:orange_tulip":1,"minecraft:wheat_seeds":34,"minecraft:raw_gold":7,"ftbquests:book":6,"projecte:philosophers_stone":3,"sophisticatedstorage:chest":5,"allthecompressed:cobblestone_block_1x":215,"minecraft:mossy_stone_bricks":6,"minecraft:glowstone_dust":25,"minecraft:oak_planks":154,"exnihilosequentia:lead_pieces":47,"mekanism:metallurgic_infuser":1,"thermal:flax":2,"exnihilosequentia:iron_mesh":7,"exmachinis:flux_hammer":1,"allthecompressed:sand_block_1x":294,"allthecompressed:gravel_block_1x":468,"minecraft:sand":7,"twilightforest:canopy_log":20,"ars_nouveau:wilden_horn":1,"exnihilosequentia:silkworm":105,"mekanism:basic_control_circuit":20,"minecraft:bundle":1,"twilightforest:mossy_etched_nagastone":1,"minecraft:iron_hoe":1,"mekanism:bio_fuel":5,"minecraft:clay":1,"twilightforest:twilight_oak_sapling":26,"minecraft:diamond":45,"thermal:eggplant_seeds":1,"minecraft:crossbow":1,"exnihilosequentia:silver_pieces":52,"minecraft:bone_meal":173,"twilightforest:steeleaf_chestplate":1,"minecraft:bread":70,"minecraft:emerald":2,"mekanism:advanced_control_circuit":6,"industrialforegoing:latex_bucket":2,"minecraft:oak_sapling":94,"alltheores:raw_platinum":1,"thermal:sawdust":8,"twilightforest:torchberries":4,"minecraft:charcoal":7,"functionalstorage:oak_1":1,"alltheores:steel_ingot":6,"alltheores:osmium_ingot":44,"mekanism:clump_iron":8,"twilightforest:ironwood_boots":1,"twilightforest:ironwood_axe":1,"minecraft:ladder":4,"botania:white_mushroom":1,"minecraft:turtle_helmet":3,"minecraft:leather_leggings":1,"industrialforegoing:fluid_extractor":1,"thermal:cinnabar":38,"mekanism:alloy_infused":40,"twilightforest:nagastone":1,"exnihilosequentia:spruce_seeds":1,"minecraft:shield":1,"minecraft:iron_axe":4,"exnihilosequentia:dust":2898,"exnihilosequentia:potato_seeds":1,"mekanism:pressurized_reaction_chamber":3,"minecraft:cracked_stone_bricks":2,"minecraft:oak_boat":1,"thermal:niter":28,"minecraft:poppy":3,"minecraft:chest":27,"minecraft:raw_copper_block":3,"mekanism:dirty_dust_iron":4,"minecraft:raw_iron":1,"thermal:dynamo_magmatic":1,"thermal:sadiroot":6,"sophisticatedbackpacks:backpack":1,"botania:purple_mushroom":1,"minecraft:fire_charge":2,"twilightforest:knightmetal_axe":1,"exnihilosequentia:diorite_pebble":134,"exnihilosequentia:granite_pebble":118,"minecraft:redstone":385,"exmachinis:flux_sieve":1,"thermal:green_bean":12,"exnihilosequentia:stone_pebble":647,"exnihilosequentia:diamond_mesh":1,"exnihilosequentia:nickel_pieces":13,"mekanism:crusher":1,"minecraft:arrow":32,"minecraft:stone_shovel":4,"exnihilosequentia:carrot_seeds":1,"ae2:certus_quartz_dust":77,"exmachinis:gold_upgrade":3,"industrialforegoing:plant_gatherer":1,"mekanism:osmium_compressor":2,"alltheores:raw_osmium":2,"alltheores:iron_dust":3,"minecraft:gold_ingot":27,"forbidden_arcanus:spawner_scrap":1,"minecraft:white_wool":8,"exnihilosequentia:basalt_pebble":124,"minecraft:stripped_oak_log":2,"ae2:fluix_dust":5,"minecraft:glow_ink_sac":16,"rftoolspower:coalgenerator":4,"minecraft:leather":7,"mekanismgenerators:gas_burning_generator":1,"minecraft:red_mushroom":4,"ironchests:copper_chest":1,"ars_nouveau:wilden_wing":11,"minecraft:oak_log":176,"exnihilosequentia:iron_pieces":24,"minecraft:golden_boots":1,"minecraft:gunpowder":53,"allthecompressed:cobblestone_block_2x":18,"minecraft:paper":6,"twilightforest:twilight_oak_planks":1,"industrialforegoing:dryrubber":1,"mekanism:enrichment_chamber":3,"rftoolsbase:dimensionalshard":82,"ae2:sky_dust":213,"pipez:basic_upgrade":2,"exnihilosequentia:aluminum_pieces":22,"minecraft:apple":31,"minecraft:stone_bricks":7,"industrialforegoing:latex_processing_unit":1,"industrialforegoing:tinydryrubber":4,"minecraft:iron_ingot":210,"minecraft:stone_pickaxe":2,"minecraft:cooked_chicken":7,"thermal:tomato_seeds":1,"minecraft:book":227,"minecraft:oak_slab":1,"industrialforegoing:machine_frame_pity":1,"industrialforegoing:plastic":1,"minecraft:dandelion":5,"minecraft:gravel":820,"minecraft:lava_bucket":1,"alltheores:raw_uranium":1,"exnihilosequentia:stone_hammer":4,"exnihilosequentia:birch_seeds":1,"minecraft:white_bed":2,"twilightforest:knightmetal_sword":1,"minecraft:spider_eye":2,"exnihilosequentia:oak_barrel":3,"minecraft:leather_helmet":1,"mekanismgenerators:wind_generator":1,"forbidden_arcanus:arcane_crystal":1,"cookingforblockheads:sink":2,"minecraft:pumpkin_seeds":2,"immersiveengineering:seed":20,"minecraft:stone_axe":2,"minecraft:painting":10,"minecraft:chainmail_leggings":5,"minecraft:iron_helmet":1,"mekanism:fluorite_gem":12,"thermal:amaranth_seeds":1,"minecraft:terracotta":1,"minecraft:baked_potato":3,"minecraft:melon_seeds":1,"minecraft:coal":26,"exnihilosequentia:copper_pieces":60},"minecraft:broken":{"constructionwand:diamond_wand":1,"exnihilosequentia:stone_hammer":1,"minecraft:stone_axe":2,"minecraft:stone_shovel":2,"minecraft:leather_chestplate":2,"minecraft:iron_axe":3,"minecraft:leather_boots":1},"minecraft:custom":{"minecraft:animals_bred":1,"minecraft:interact_with_crafting_table":186,"minecraft:leave_game":8,"minecraft:time_since_death":8313,"minecraft:sprint_one_cm":919522,"minecraft:damage_blocked_by_shield":1046,"minecraft:drop":818,"minecraft:talked_to_villager":7,"minecraft:play_time":794526,"minecraft:deaths":48,"tombstone:tomb_raiding":1,"minecraft:jump":3905,"minecraft:walk_on_water_one_cm":13768,"minecraft:interact_with_furnace":96,"minecraft:traded_with_villager":2,"minecraft:sleep_in_bed":15,"minecraft:damage_dealt":10578,"minecraft:player_kills":2,"minecraft:crouch_one_cm":31725,"tombstone:undead_killed":21,"minecraft:mob_kills":55,"minecraft:inspect_hopper":1,"minecraft:damage_dealt_resisted":258,"minecraft:climb_one_cm":6953,"minecraft:walk_one_cm":960957,"minecraft:walk_under_water_one_cm":841,"minecraft:sneak_time":20712,"minecraft:total_world_time":794526,"minecraft:time_since_rest":8340,"minecraft:damage_taken":17209,"minecraft:trigger_trapped_chest":1,"minecraft:use_wand":1442,"minecraft:swim_one_cm":6139,"minecraft:fly_one_cm":639608,"minecraft:open_chest":693,"minecraft:fall_one_cm":83574},"minecraft:crafted":{"pipez:basic_upgrade":3,"pipez:wrench":1,"minecraft:oak_planks":212,"pipez:improved_upgrade":2,"mekanism:electrolytic_separator":2,"mekanismgenerators:gas_burning_generator":1,"mekanism:electrolytic_core":3,"alltheores:iron_ore_hammer":1,"pipez:item_pipe":32,"minecraft:sand":99,"minecraft:glass":41,"alltheores:osmium_dust":10,"minecraft:iron_boots":1,"minecraft:melon_seeds":1,"minecraft:chest":18,"alltheores:steel_dust":38,"mekanism:energy_tablet":8,"minecraft:blue_stained_glass":8,"minecraft:dropper":8,"rftoolspower:coalgenerator":1,"minecraft:oak_slab":54,"minecraft:diamond_axe":1,"minecraft:gravel":126,"minecraft:wooden_pickaxe":1,"alltheores:raw_silver":27,"constructionwand:iron_wand":1,"minecraft:brown_dye":6,"mekanism:purification_chamber":1,"exnihilosequentia:wooden_hammer":1,"minecraft:diamond_pickaxe":2,"minecraft:charcoal":280,"exnihilosequentia:stone_hammer":2,"mekanism:steel_casing":7,"minecraft:shield":2,"minecraft:stick":132,"mekanism:crusher":1,"minecraft:iron_ingot":118,"minecraft:iron_block":2,"minecraft:gold_ingot":53,"mekanism:osmium_compressor":1,"minecraft:redstone_torch":2,"alltheores:osmium_nugget":9,"croptopia:apple_sapling":2,"minecraft:stone_shovel":2,"rftoolsbase:machine_frame":1,"mekanismgenerators:wind_generator":4,"minecraft:iron_nugget":27,"alltheores:raw_osmium":59,"mekanism:pressurized_reaction_chamber":1,"mekanism:basic_chemical_tank":2,"minecraft:furnace":21,"alltheores:gold_dust":9,"minecraft:bone_meal":6,"exnihilosequentia:oak_sieve":9,"twilightforest:twilight_oak_planks":256,"exnihilosequentia:flint_mesh":9,"minecraft:iron_axe":3,"minecraft:stone_pickaxe":1,"alltheores:steel_ingot":34,"exnihilosequentia:iron_hammer":1,"minecraft:redstone_block":26,"exnihilosequentia:wooden_crook":2,"constructionwand:diamond_wand":1,"alltheores:osmium_ingot":41,"exnihilosequentia:oak_barrel":1,"mekanism:metallurgic_infuser":1,"mekanism:dynamic_tank":4,"pipez:energy_pipe":16,"allthecompressed:cobblestone_block_1x":748,"minecraft:bucket":2,"minecraft:stone_axe":2,"minecraft:bread":22,"minecraft:blue_dye":4,"minecraft:white_wool":32,"minecraft:cobblestone":419,"minecraft:gold_nugget":9,"mekanism:enrichment_chamber":3,"minecraft:raw_gold":16,"allthecompressed:cobblestone_block_2x":20,"minecraft:wooden_axe":1,"mekanism:advanced_control_circuit":6,"alltheores:iron_dust":52,"minecraft:andesite":6,"minecraft:torch":160,"exnihilosequentia:string_mesh":16},"minecraft:dropped":{"industrialforegoing:plastic":6,"mekanism:electrolytic_separator":3,"industrialforegoing:plant_sower":1,"occultism:datura_seeds":2,"exnihilosequentia:granite_pebble":10,"minecraft:lapis_lazuli":13,"minecraft:cooked_beef":3,"minecraft:oak_log":31,"exnihilosequentia:diorite_pebble":7,"minecraft:diamond":43,"minecraft:orange_tulip":1,"exnihilosequentia:diamond_hammer":1,"thermal:dynamo_magmatic":1,"exnihilosequentia:iron_hammer":8,"thermal:corn_seeds":1,"mekanism:basic_control_circuit":11,"minecraft:flint":4,"minecraft:emerald":97,"minecraft:dirt":5,"exmachinis:flux_sieve":1,"constructionwand:diamond_wand":5,"mekanism:purification_chamber":1,"industrialforegoing:latex_processing_unit":1,"exnihilosequentia:wooden_hammer":1,"mekanism:clump_iron":4,"minecraft:bone_meal":18,"projecte:philosophers_stone":1,"minecraft:sand":8,"industrialforegoing:dryrubber":1,"exnihilosequentia:stone_hammer":4,"exnihilosequentia:tin_pieces":1,"ftbquests:book":6,"ironchests:copper_chest":1,"minecraft:white_wool":40,"mekanismgenerators:wind_generator":1,"minecraft:gold_ingot":31,"exnihilosequentia:oak_sieve":2,"minecraft:bone":15,"industrialforegoing:machine_frame_pity":1,"minecraft:gravel":52,"minecraft:stone_axe":1,"spirit:broken_spawner":1,"mekanismgenerators:gas_burning_generator":1,"exnihilosequentia:nickel_pieces":1,"minecraft:wheat":2,"minecraft:rotten_flesh":8,"thermal:sawdust":1,"minecraft:oak_planks":91,"exnihilosequentia:silkworm":1,"exnihilosequentia:potato_seeds":1,"thermal:eggplant_seeds":1,"ae2:sky_dust":3,"mekanism:alloy_infused":13,"minecraft:poppy":2,"minecraft:leather_chestplate":1,"minecraft:gunpowder":7,"mekanism:energy_tablet":2,"minecraft:charcoal":16,"exnihilosequentia:stone_pebble":61,"exnihilosequentia:wooden_crook":1,"minecraft:arrow":2,"minecraft:glass":33,"pipez:improved_upgrade":1,"immersiveengineering:seed":10,"exnihilosequentia:iron_mesh":3,"exnihilosequentia:basalt_pebble":10,"cookingforblockheads:sink":1,"minecraft:water_bucket":1,"minecraft:bread":59,"minecraft:iron_ingot":35,"allthecompressed:gravel_block_1x":67,"minecraft:wheat_seeds":5,"pipez:basic_upgrade":3,"minecraft:cobblestone":165,"exnihilosequentia:iron_pieces":17,"minecraft:apple":9,"exnihilosequentia:emerald_mesh":1,"cobblefordays:tier_1":1,"minecraft:coal":6,"exnihilosequentia:andesite_pebble":14,"exnihilosequentia:string_mesh":1,"minecraft:stick":46,"exmachinis:flux_hammer":1,"minecraft:lava_bucket":1,"minecraft:blue_dye":1,"mekanism:enrichment_chamber":1,"tombstone:grave_key":5,"exnihilosequentia:aluminum_pieces":4,"alltheores:iron_ore_hammer":1,"forbidden_arcanus:spawner_scrap":1,"exnihilosequentia:blackstone_pebble":11,"exnihilosequentia:dust":279,"industrialforegoing:fluid_extractor":1,"minecraft:iron_axe":3,"mekanism:basic_fluid_tank":3,"allthecompressed:sand_block_1x":32,"minecraft:chainmail_leggings":2,"minecraft:string":3,"thermal:sulfur":4,"exnihilosequentia:flint_mesh":1,"minecraft:redstone":129,"mekanism:metallurgic_infuser":1,"mekanism:pressurized_reaction_chamber":1,"forbidden_arcanus:mysterywood_sapling":1,"thermal:amaranth_seeds":1,"mekanism:crusher":1,"mekanism:osmium_compressor":1,"minecraft:stone_shovel":1,"exmachinis:gold_upgrade":3,"minecraft:iron_hoe":2,"mekanism:alloy_reinforced":8,"exnihilosequentia:gold_pieces":2,"exnihilosequentia:diamond_mesh":1,"thermal:tomato_seeds":1,"pipez:item_pipe":55,"minecraft:shield":1,"industrialforegoing:latex_bucket":2,"pipez:energy_pipe":112,"minecraft:diamond_pickaxe":1,"minecraft:mossy_stone_bricks":2,"exnihilosequentia:lead_pieces":1,"exnihilosequentia:silver_pieces":6,"ae2:certus_quartz_dust":4,"minecraft:stone_bricks":1,"minecraft:spider_eye":1,"minecraft:bow":1,"minecraft:stone_pickaxe":1,"rftoolspower:coalgenerator":1,"thermal:niter":7,"pipez:wrench":2,"industrialforegoing:plant_gatherer":1},"minecraft:killed":{"minecraft:spider":10,"twilightforest:lich_minion":3,"minecraft:skeleton":9,"minecraft:creeper":3,"twilightforest:skeleton_druid":1,"minecraft:zombie":8,"minecraft:horse":2,"ars_nouveau:summon_wolf":2,"ars_nouveau:wilden_stalker":9,"ars_nouveau:wilden_hunter":2},"minecraft:used":{"immersiveengineering:seed":1,"rftoolspower:coalgenerator":4,"minecraft:chest":44,"minecraft:shield":31,"constructionwand:iron_wand":16,"minecraft:obsidian":1,"thermal:sadiroot_seeds":1,"minecraft:lava_bucket":1,"mekanismgenerators:wind_generator":3,"twilightforest:twilight_oak_planks":30,"minecraft:bow":38,"twilightforest:steeleaf_chestplate":1,"minecraft:oak_sapling":25,"minecraft:furnace":7,"exnihilosequentia:stone_pebble":51,"minecraft:golden_boots":1,"minecraft:mossy_stone_bricks":1,"minecraft:stone_pickaxe":50,"minecraft:oak_planks":38,"minecraft:wooden_pickaxe":9,"minecraft:diamond_axe":3,"exnihilosequentia:oak_sieve":9,"minecraft:white_wool":9,"twilightforest:ironwood_axe":70,"allthecompressed:cobblestone_block_2x":18,"mekanism:crusher":1,"minecraft:melon_slice":4,"minecraft:string":3,"minecraft:bread":25,"mekanism:metallurgic_infuser":1,"sophisticatedstorage:chest":4,"minecraft:gravel":15,"exnihilosequentia:dust":13,"minecraft:golden_helmet":1,"exnihilosequentia:stone_hammer":198,"allthecompressed:cobblestone_block_1x":403,"minecraft:bone_meal":38,"mekanism:enrichment_chamber":3,"exnihilosequentia:wooden_hammer":8,"minecraft:stone_shovel":1,"minecraft:cooked_chicken":2,"minecraft:torch":66,"minecraft:dirt":8,"minecraft:wooden_axe":24,"minecraft:iron_axe":523,"mekanism:purification_chamber":1,"carryon:entity_item":2,"minecraft:melon_seeds":1,"cobblefordays:tier_1":1,"exnihilosequentia:andesite_pebble":7,"exnihilosequentia:wooden_crook":19,"torcherino:torcherino":1,"constructionwand:diamond_wand":48,"tombstone:gift":7,"minecraft:cooked_beef":13,"mekanism:pressurized_reaction_chamber":2,"exnihilosequentia:fired_crucible":1,"minecraft:wheat_seeds":1,"allthecompressed:sand_block_1x":250,"minecraft:water_bucket":1,"exnihilosequentia:granite_pebble":3,"exnihilosequentia:diorite_pebble":10,"minecraft:oak_slab":1,"croptopia:apple_sapling":2,"minecraft:white_bed":2,"minecraft:painting":5,"industrialforegoing:latex_bucket":1,"minecraft:diamond_pickaxe":56,"exnihilosequentia:iron_hammer":983,"minecraft:apple":16,"exnihilosequentia:oak_barrel":5,"minecraft:stone_axe":217,"projecte:philosophers_stone":16,"minecraft:cobblestone":1673,"allthecompressed:gravel_block_1x":76,"exnihilosequentia:basalt_pebble":11,"exnihilosequentia:blackstone_pebble":5,"minecraft:bucket":2,"pipez:energy_pipe":14,"minecraft:dandelion":1},"minecraft:mined":{"mekanismgenerators:wind_generator":1,"minecraft:oak_sapling":3,"exnihilosequentia:oak_sieve":2,"minecraft:grass_block":12,"mekanism:purification_chamber":1,"allthecompressed:cobblestone_block_2x":18,"minecraft:spawner":2,"minecraft:fire":14,"alltheores:platinum_ore":1,"exnihilosequentia:oak_barrel":4,"sophisticatedstorage:chest":3,"minecraft:tripwire":3,"pipez:energy_pipe":7,"mekanism:enrichment_chamber":2,"alltheores:uranium_ore":2,"minecraft:torch":1,"forbidden_arcanus:thin_cherrywood_log":1,"minecraft:poppy":1,"forbidden_arcanus:cherry_flower_vines":1,"minecraft:chest":20,"twilightforest:twilight_oak_log":88,"minecraft:mushroom_stem":4,"minecraft:cobblestone":170,"minecraft:oak_planks":21,"rftoolsbase:dimensionalshard_overworld":19,"minecraft:wheat":1,"twilightforest:root":1,"minecraft:orange_tulip":1,"twilightforest:twilight_oak_planks":1,"minecraft:grass":20,"minecraft:oak_log":137,"minecraft:dirt":12,"minecraft:red_mushroom_block":6,"twilightforest:canopy_log":19,"minecraft:oak_leaves":36,"exnihilosequentia:infested_leaves":3,"alltheores:osmium_ore":2,"allthecompressed:cobblestone_block_1x":559,"functionalstorage:oak_1":1,"minecraft:large_fern":15,"forbidden_arcanus:arcane_crystal_ore":2,"minecraft:furnace":1,"twilightforest:twilight_oak_leaves":8,"rftoolspower:coalgenerator":2,"minecraft:bookshelf":87,"twilightforest:firefly_jar":2,"minecraft:stripped_oak_log":2,"ae2:quartz_ore":6,"minecraft:stone":17,"minecraft:oak_slab":1,"twilightforest:root_strand":2,"minecraft:glass_pane":2,"exnihilosequentia:dust":10,"minecraft:dandelion":4,"allthecompressed:gravel_block_1x":142,"minecraft:tall_grass":48,"allthecompressed:sand_block_1x":256,"mekanism:pressurized_reaction_chamber":1,"minecraft:gravel":13,"minecraft:cracked_stone_bricks":2,"minecraft:stone_bricks":11,"minecraft:mossy_stone_bricks":4,"minecraft:fern":6}},"DataVersion":2975}