{"stats":{"minecraft:killed":{"twilightforest:lich_minion":4,"minecraft:skeleton":14,"minecraft:zombie":22,"minecraft:horse":2,"twilightforest:death_tome":1,"minecraft:zombified_piglin":7,"minecraft:spider":12,"minecraft:pig":1,"minecraft:creeper":5,"twilightforest:skeleton_druid":6,"minecraft:blaze":11,"twilightforest:naga":1,"ars_nouveau:summon_wolf":8,"ars_nouveau:wilden_stalker":10,"ars_nouveau:wilden_hunter":3,"minecraft:wither_skeleton":23},"minecraft:broken":{"constructionwand:diamond_wand":2,"minecraft:golden_boots":2,"minecraft:iron_leggings":1,"exnihilosequentia:stone_hammer":1,"twilightforest:knightmetal_axe":1,"minecraft:iron_axe":3,"twilightforest:ironwood_helmet":1,"minecraft:golden_helmet":1,"constructionwand:iron_wand":1,"minecraft:stone_axe":2,"minecraft:stone_shovel":2,"twilightforest:steeleaf_chestplate":1,"minecraft:leather_chestplate":2,"minecraft:leather_boots":1},"minecraft:dropped":{"sophisticatedbackpacks:iron_backpack":2,"mekanism:electrolytic_separator":5,"industrialforegoing:plastic":6,"industrialforegoing:plant_sower":1,"exnihilosequentia:granite_pebble":10,"occultism:datura_seeds":2,"minecraft:lapis_lazuli":13,"minecraft:cooked_beef":3,"minecraft:diamond":62,"thermal:dynamo_magmatic":1,"minecraft:orange_tulip":1,"exnihilosequentia:diamond_hammer":3,"thermal:corn_seeds":1,"mekanism:basic_control_circuit":11,"minecraft:emerald":97,"alltheores:osmium_ingot":1,"minecraft:dirt":5,"exmachinis:flux_sieve":1,"constructionwand:iron_wand":1,"minecraft:yellow_dye":9,"exnihilosequentia:wooden_hammer":1,"industrialforegoing:laser_lens10":1,"mekanism:clump_iron":4,"minecraft:bone_meal":18,"projecte:philosophers_stone":2,"minecraft:sand":8,"exnihilosequentia:tin_pieces":1,"ironchests:copper_chest":1,"minecraft:white_wool":40,"exnihilosequentia:oak_sieve":2,"minecraft:bone":22,"industrialforegoing:machine_frame_pity":1,"minecraft:stone_axe":1,"minecraft:iron_nugget":5,"mekanismgenerators:gas_burning_generator":1,"exnihilosequentia:nickel_pieces":1,"minecraft:wheat":2,"minecraft:obsidian":35,"minecraft:rotten_flesh":18,"thermal:sawdust":1,"minecraft:oak_planks":91,"exnihilosequentia:potato_seeds":1,"twilightforest:knightmetal_axe":1,"thermal:eggplant_seeds":1,"mekanism:alloy_infused":22,"mekanism:energy_tablet":2,"minecraft:charcoal":17,"exnihilosequentia:stone_pebble":62,"exnihilosequentia:wooden_crook":1,"minecraft:glass":93,"pipez:improved_upgrade":1,"exnihilosequentia:iron_mesh":3,"minecraft:iron_ingot":56,"create:rose_quartz":6,"minecraft:wheat_seeds":5,"pipez:basic_upgrade":3,"minecraft:cobblestone":170,"exmachinis:diamond_upgrade":1,"mekanism:thermal_evaporation_valve":3,"mekanism:basic_chemical_tank":1,"minecraft:apple":9,"minecraft:coal":6,"minecraft:polished_andesite":2,"minecraft:lava_bucket":1,"exnihilosequentia:aluminum_pieces":4,"projecte:dark_matter":2,"exnihilosequentia:blackstone_pebble":11,"minecraft:red_dye":2,"minecraft:chainmail_leggings":2,"minecraft:string":3,"mekanism:dirty_netherite_scrap":6,"ars_nouveau:caster_tome":4,"mekanism:pressurized_reaction_chamber":1,"mekanism:thermal_evaporation_block":63,"thermal:amaranth_seeds":1,"twilightforest:steeleaf_sword":1,"mekanism:crusher":1,"minecraft:stone_shovel":1,"sophisticatedbackpacks:backpack":1,"industrialforegoing:ore_laser_base":1,"exnihilosequentia:gold_pieces":2,"minecraft:diamond_sword":2,"thermal:tomato_seeds":1,"pipez:item_pipe":73,"minecraft:stone":3,"pipez:energy_pipe":125,"minecraft:diamond_pickaxe":1,"minecraft:spider_eye":1,"minecraft:stone_bricks":1,"minecraft:light_gray_dye":4,"minecraft:bow":1,"mekanism:ingot_steel":2,"pipez:wrench":2,"allthemodium:allthemodium_axe":1,"minecraft:orange_dye":1,"minecraft:diamond_axe":1,"minecraft:oak_log":31,"exnihilosequentia:diorite_pebble":7,"exnihilosequentia:iron_hammer":8,"minecraft:flint":4,"constructionwand:diamond_wand":7,"mekanism:purification_chamber":1,"industrialforegoing:latex_processing_unit":1,"twilightforest:cracked_etched_nagastone":3,"industrialforegoing:dryrubber":1,"exnihilosequentia:stone_hammer":5,"ftbquests:book":6,"mekanismgenerators:wind_generator":1,"minecraft:gold_ingot":109,"minecraft:gravel":52,"industrialforegoing:pink_slime_bucket":2,"spirit:broken_spawner":1,"exnihilosequentia:silkworm":1,"ae2:sky_dust":3,"minecraft:poppy":2,"minecraft:leather_chestplate":1,"minecraft:gunpowder":7,"twilightforest:triple_bow":1,"twilightforest:steeleaf_pickaxe":2,"minecraft:arrow":2,"minecraft:iron_ore":3,"mekanism:alloy_atomic":2,"mekanism:thermal_evaporation_controller":1,"immersiveengineering:seed":10,"exnihilosequentia:basalt_pebble":10,"cookingforblockheads:sink":1,"minecraft:water_bucket":3,"minecraft:bread":175,"allthecompressed:gravel_block_1x":67,"thermal:machine_pulverizer":1,"twilightforest:nagastone_head":2,"exnihilosequentia:iron_pieces":17,"exnihilosequentia:emerald_mesh":1,"cobblefordays:tier_1":1,"exnihilosequentia:andesite_pebble":14,"exnihilosequentia:string_mesh":1,"minecraft:stick":48,"exmachinis:flux_hammer":1,"minecraft:blue_dye":1,"mekanism:enrichment_chamber":1,"tombstone:grave_key":5,"alltheores:iron_ore_hammer":2,"forbidden_arcanus:spawner_scrap":1,"exnihilosequentia:dust":279,"minecraft:iron_axe":3,"mekanism:basic_fluid_tank":6,"industrialforegoing:fluid_extractor":1,"industrialforegoing:laser_drill":1,"industrialforegoing:meat_bucket":2,"allthecompressed:sand_block_1x":32,"thermal:sulfur":4,"exnihilosequentia:flint_mesh":1,"minecraft:redstone":221,"mekanism:metallurgic_infuser":1,"forbidden_arcanus:mysterywood_sapling":1,"minecraft:raw_iron":3,"mekanism:osmium_compressor":1,"twilightforest:twilight_scepter":1,"exmachinis:gold_upgrade":4,"minecraft:iron_hoe":2,"mekanism:alloy_reinforced":9,"minecraft:glass_pane":11,"exnihilosequentia:diamond_mesh":1,"pipez:fluid_pipe":37,"myrtrees:rubberwood_sapling":1,"minecraft:shield":3,"industrialforegoing:latex_bucket":2,"minecraft:mossy_stone_bricks":2,"exnihilosequentia:lead_pieces":1,"minecraft:oak_sapling":1,"exnihilosequentia:silver_pieces":6,"ae2:certus_quartz_dust":4,"mekanism:chemical_infuser":4,"minecraft:raw_gold":1,"minecraft:stone_pickaxe":1,"rftoolspower:coalgenerator":1,"thermal:niter":7,"twilightforest:twilight_oak_log":19,"industrialforegoing:plant_gatherer":1},"minecraft:mined":{"mekanismgenerators:wind_generator":1,"minecraft:obsidian":2,"botania:light_blue_mushroom":1,"exnihilosequentia:oak_sieve":2,"mekanism:purification_chamber":1,"minecraft:nether_wart":4,"twilightforest:nagastone_pillar":1,"minecraft:spawner":5,"minecraft:fire":17,"minecraft:iron_block":4,"minecraft:tripwire":3,"minecraft:brown_mushroom":1,"pipez:energy_pipe":13,"mekanism:enrichment_chamber":3,"alltheores:uranium_ore":2,"minecraft:torch":3,"forbidden_arcanus:thin_cherrywood_log":1,"twilightforest:time_stairs":1,"minecraft:glass":4,"rftoolsbase:dimensionalshard_overworld":19,"minecraft:wheat":1,"twilightforest:twilight_oak_planks":6,"minecraft:grass":34,"allthecompressed:netherrack_block_1x":10,"minecraft:red_mushroom_block":6,"twilightforest:canopy_log":19,"alltheores:osmium_ore":2,"botania:red_mushroom":3,"integrateddynamics:menril_sapling":1,"functionalstorage:oak_1":1,"mekanism:basic_chemical_tank":1,"twilightforest:twilight_oak_leaves":27,"minecraft:cobblestone_slab":11,"botania:yellow_mushroom":5,"ars_nouveau:rune":1,"ae2:quartz_ore":14,"twilightforest:canopy_fence":1,"minecraft:oak_slab":1,"mekanism:crusher":1,"minecraft:glass_pane":2,"minecraft:lily_of_the_valley":2,"minecraft:dandelion":10,"twilightforest:nagastone":2,"minecraft:tall_grass":59,"mekanism:pressurized_reaction_chamber":1,"minecraft:gravel":13,"minecraft:stone_bricks":22,"minecraft:fern":25,"minecraft:oak_sapling":3,"minecraft:grass_block":12,"mekanism:osmium_compressor":1,"allthecompressed:cobblestone_block_2x":18,"minecraft:raw_iron_block":1,"alltheores:platinum_ore":1,"minecraft:red_tulip":2,"exnihilosequentia:oak_barrel":7,"sophisticatedstorage:chest":3,"twilightforest:mossy_nagastone_pillar":1,"mekanism:thermal_evaporation_valve":1,"twilightforest:time_planks":1,"minecraft:poppy":11,"forbidden_arcanus:cherry_flower_vines":1,"minecraft:chest":24,"twilightforest:twilight_oak_log":434,"minecraft:mushroom_stem":4,"minecraft:cobblestone":181,"minecraft:oak_planks":24,"mekanism:fluorite_ore":1,"twilightforest:root":1,"minecraft:orange_tulip":4,"minecraft:smooth_stone_slab":2,"minecraft:oak_log":137,"minecraft:dirt":13,"minecraft:oak_leaves":36,"exnihilosequentia:infested_leaves":3,"mysticalagriculture:prosperity_ore":1,"minecraft:red_carpet":1,"allthecompressed:cobblestone_block_1x":1995,"twilightforest:nagastone_head":1,"mekanism:chemical_dissolution_chamber":1,"minecraft:large_fern":16,"forbidden_arcanus:arcane_crystal_ore":2,"minecraft:furnace":3,"mekanism:thermal_evaporation_controller":2,"rftoolspower:coalgenerator":2,"twilightforest:cracked_nagastone_pillar":2,"minecraft:bookshelf":87,"twilightforest:firefly_jar":2,"twilightforest:canopy_slab":1,"minecraft:stripped_oak_log":2,"minecraft:stone":46,"minecraft:white_tulip":4,"sophisticatedbackpacks:backpack":1,"twilightforest:root_strand":2,"minecraft:infested_stone_bricks":1,"mekanism:thermal_evaporation_block":1,"exnihilosequentia:dust":10,"exnihilosequentia:stone_barrel":1,"allthecompressed:gravel_block_1x":535,"allthecompressed:sand_block_1x":416,"mekanism:metallurgic_infuser":1,"twilightforest:canopy_stairs":1,"minecraft:cracked_stone_bricks":4,"minecraft:mossy_stone_bricks":9},"minecraft:custom":{"minecraft:interact_with_crafting_table":355,"minecraft:leave_game":11,"minecraft:time_since_death":11899,"minecraft:damage_blocked_by_shield":3493,"minecraft:play_time":1422224,"minecraft:deaths":90,"tombstone:tomb_raiding":1,"minecraft:jump":7928,"minecraft:interact_with_furnace":289,"minecraft:traded_with_villager":13,"minecraft:sleep_in_bed":35,"minecraft:damage_dealt":31235,"tombstone:undead_killed":82,"minecraft:inspect_hopper":1,"minecraft:sneak_time":23622,"minecraft:total_world_time":1422224,"minecraft:time_since_rest":10555,"minecraft:use_wand":3064,"minecraft:swim_one_cm":8047,"minecraft:fly_one_cm":1607635,"minecraft:open_chest":1568,"minecraft:fall_one_cm":170673,"minecraft:animals_bred":4,"minecraft:damage_resisted":1069,"minecraft:sprint_one_cm":2407086,"minecraft:drop":1116,"minecraft:talked_to_villager":19,"minecraft:walk_on_water_one_cm":16096,"minecraft:player_kills":5,"minecraft:crouch_one_cm":34656,"minecraft:mob_kills":143,"minecraft:damage_dealt_resisted":356,"minecraft:climb_one_cm":9444,"minecraft:walk_one_cm":1967011,"minecraft:walk_under_water_one_cm":1135,"minecraft:damage_taken":32898,"minecraft:damage_absorbed":2336,"minecraft:trigger_trapped_chest":3},"minecraft:used":{"twilightforest:ice_bow":3,"rftoolspower:coalgenerator":4,"minecraft:chest":70,"minecraft:stone":14,"constructionwand:iron_wand":25,"minecraft:lily_of_the_valley":2,"minecraft:lava_bucket":7,"twilightforest:twilight_oak_planks":40,"minecraft:bow":54,"minecraft:oak_sapling":25,"twilightforest:steeleaf_chestplate":1,"minecraft:furnace":10,"minecraft:egg":2,"exnihilosequentia:stone_pebble":54,"minecraft:mossy_stone_bricks":1,"minecraft:orange_tulip":2,"minecraft:wooden_pickaxe":9,"exnihilosequentia:diamond_hammer":1969,"twilightforest:steeleaf_sword":6,"exnihilosequentia:stone_barrel":5,"exnihilosequentia:oak_sieve":9,"mekanism:chemical_dissolution_chamber":2,"integrateddynamics:menril_berries":1,"mekanism:thermal_evaporation_controller":2,"sophisticatedstorage:chest":4,"minecraft:diamond_sword":131,"allthecompressed:cobblestone_block_1x":1839,"exnihilosequentia:wooden_hammer":8,"minecraft:torch":130,"sophisticatedbackpacks:netherite_backpack":2,"mekanism:osmium_compressor":2,"twilightforest:knightmetal_axe":310,"integrateddynamics:menril_sapling":1,"minecraft:iron_block":4,"minecraft:iron_axe":523,"mekanism:purification_chamber":1,"carryon:entity_item":5,"minecraft:melon_seeds":1,"torcherino:torcherino":6,"cobblefordays:tier_1":1,"constructionwand:diamond_wand":138,"tombstone:gift":7,"torcherino:compressed_torcherino":1,"sophisticatedbackpacks:gold_backpack":1,"minecraft:wheat_seeds":1,"twilightforest:steeleaf_pickaxe":76,"allthecompressed:sand_block_1x":410,"minecraft:water_bucket":22,"exnihilosequentia:granite_pebble":5,"minecraft:cracked_stone_bricks":2,"twilightforest:twilight_oak_sapling":17,"minecraft:oak_slab":1,"minecraft:crafting_table":2,"croptopia:apple_sapling":2,"minecraft:white_bed":4,"minecraft:campfire":3,"industrialforegoing:latex_bucket":1,"minecraft:diamond_pickaxe":112,"exnihilosequentia:oak_barrel":8,"tombstone:magic_scroll":16,"minecraft:cobblestone":1692,"allthecompressed:gravel_block_1x":469,"minecraft:cooked_porkchop":3,"mekanism:thermal_evaporation_block":1,"minecraft:dandelion":1,"immersiveengineering:seed":1,"minecraft:shield":73,"twilightforest:knightmetal_sword":59,"plonk:placed_items":1,"minecraft:obsidian":1,"minecraft:glass":24,"thermal:sadiroot_seeds":1,"mekanismgenerators:wind_generator":3,"carryon:tile_item":2,"projecte:aeternalis_fuel_block":1,"minecraft:golden_boots":1,"minecraft:stone_pickaxe":50,"minecraft:oak_planks":38,"mekanism:chemical_washer":1,"minecraft:diamond_axe":402,"minecraft:white_wool":9,"twilightforest:ironwood_axe":181,"allthecompressed:cobblestone_block_2x":18,"mekanism:crusher":1,"minecraft:melon_slice":4,"minecraft:string":4,"minecraft:bread":147,"mekanism:metallurgic_infuser":1,"twilightforest:triple_bow":22,"minecraft:gravel":15,"exnihilosequentia:dust":13,"minecraft:golden_helmet":1,"exnihilosequentia:stone_hammer":230,"minecraft:smooth_stone_slab":4,"minecraft:coarse_dirt":1,"minecraft:bone_meal":38,"cookingforblockheads:sink":1,"mekanism:enrichment_chamber":4,"minecraft:stone_shovel":1,"minecraft:cooked_chicken":2,"minecraft:dirt":8,"minecraft:raw_iron_block":1,"minecraft:wooden_axe":24,"allthecompressed:netherrack_block_1x":10,"exnihilosequentia:andesite_pebble":7,"exnihilosequentia:wooden_crook":19,"minecraft:cooked_beef":13,"mekanism:pressurized_reaction_chamber":2,"exnihilosequentia:fired_crucible":4,"minecraft:iron_ore":1,"exnihilosequentia:diorite_pebble":10,"minecraft:cobblestone_slab":31,"minecraft:painting":5,"mekanism:basic_chemical_tank":1,"exnihilosequentia:iron_hammer":983,"minecraft:apple":18,"mekanism:chemical_crystallizer":1,"minecraft:stone_axe":217,"projecte:philosophers_stone":18,"minecraft:bucket":27,"exnihilosequentia:basalt_pebble":12,"exnihilosequentia:blackstone_pebble":5,"pipez:energy_pipe":16},"minecraft:picked_up":{"minecraft:iron_chestplate":1,"exnihilomekanism:osmium_pieces":85,"minecraft:lead":2,"minecraft:diamond_sword":3,"mekanism:dust_iron":36,"minecraft:enchanted_book":1,"minecraft:golden_shovel":2,"twilightforest:nagastone_stairs_right":1,"exnihilosequentia:andesite_pebble":103,"myrtrees:rubberwood_sapling":1,"exnihilosequentia:flint_mesh":4,"minecraft:string":363,"thermal:barley_seeds":2,"pipez:energy_pipe":109,"industrialforegoing:pink_slime_bucket":2,"minecraft:gold_nugget":6,"exnihilosequentia:oak_sieve":11,"integrateddynamics:menril_sapling":1,"darkutils:tome_pigpen":1,"twilightforest:ironwood_leggings":1,"sophisticatedbackpacks:netherite_backpack":1,"minecraft:melon_slice":4,"wstweaks:fragment":47,"minecraft:golden_helmet":1,"immersiveengineering:shader_bag_epic":1,"tconstruct:blaze_head":1,"thermal:sadiroot_seeds":30,"mysticalagriculture:prosperity_shard":1,"twilightforest:cracked_etched_nagastone":3,"projecte:dark_matter":3,"allthemodium:allthemodium_ingot":1,"minecraft:golden_chestplate":3,"thermal:apatite":116,"minecraft:stone_sword":1,"minecraft:red_tulip":2,"minecraft:iron_block":4,"thermal:radish_seeds":2,"twilightforest:knightmetal_leggings":1,"mekanism:basic_fluid_tank":4,"minecraft:blaze_rod":6,"croptopia:apple_sapling":15,"minecraft:cooked_beef":20,"alltheores:gold_dust":23,"minecraft:birch_slab":5,"minecraft:water_bucket":3,"twilightforest:ironwood_pickaxe":1,"reliquary:molten_core":2,"torcherino:torcherino":4,"mekanism:chemical_dissolution_chamber":1,"minecraft:flint":354,"exnihilosequentia:gold_pieces":26,"mekanism:alloy_reinforced":18,"twilightforest:canopy_sapling":2,"pipez:fluid_pipe":9,"ftbquests:book":6,"projecte:philosophers_stone":4,"sophisticatedstorage:chest":5,"allthecompressed:cobblestone_block_1x":215,"minecraft:glowstone_dust":33,"mekanism:chemical_infuser":2,"mekanism:metallurgic_infuser":1,"exnihilosequentia:iron_mesh":16,"patchouli:guide_book":1,"exmachinis:flux_hammer":1,"ae2:certus_quartz_crystal":8,"twilightforest:canopy_slab":1,"twilightforest:canopy_log":20,"sophisticatedbackpacks:iron_backpack":1,"exnihilosequentia:silkworm":109,"mekanism:dirty_netherite_scrap":3,"ars_nouveau:wilden_horn":1,"minecraft:bundle":4,"minecraft:iron_hoe":1,"minecraft:polished_andesite":3,"thermal:eggplant_seeds":1,"exnihilosequentia:silver_pieces":52,"minecraft:chainmail_helmet":1,"minecraft:bread":95,"industrialforegoing:latex_bucket":2,"alltheores:raw_platinum":1,"thermal:sawdust":8,"twilightforest:ironwood_helmet":1,"minecraft:diamond_pickaxe":1,"alltheores:steel_ingot":19,"alltheores:osmium_ingot":51,"minecraft:coarse_dirt":1,"mekanism:thermal_evaporation_controller":2,"minecraft:nether_wart":1,"minecraft:clay_ball":18,"minecraft:leather_leggings":2,"twilightforest:ironwood_axe":1,"mekanism:alloy_infused":81,"exnihilosequentia:spruce_seeds":1,"mekanism:ingot_refined_obsidian":2,"twilightforest:steeleaf_sword":1,"mekanism:pressurized_reaction_chamber":3,"industrialforegoing:mob_slaughter_factory":1,"minecraft:cracked_stone_bricks":5,"integrateddynamics:menril_berries":26,"thermal:niter":43,"minecraft:iron_nugget":10,"minecraft:poppy":13,"minecraft:chest":31,"minecraft:raw_copper_block":3,"minecraft:egg":2,"minecraft:stone":17,"thermal:sadiroot":12,"reliquary:rib_bone":6,"minecraft:raw_gold_block":3,"pipez:item_pipe":35,"botania:purple_mushroom":1,"sophisticatedbackpacks:backpack":2,"minecraft:fire_charge":2,"exnihilosequentia:granite_pebble":120,"minecraft:redstone":412,"exmachinis:flux_sieve":1,"exnihilosequentia:stone_pebble":651,"exnihilosequentia:diamond_mesh":2,"mekanism:crusher":1,"minecraft:stone_shovel":5,"minecraft:diamond_chestplate":1,"exnihilosequentia:carrot_seeds":1,"exmachinis:gold_upgrade":3,"industrialforegoing:plant_gatherer":1,"mekanism:osmium_compressor":3,"alltheores:iron_dust":11,"minecraft:gold_ingot":169,"industrialforegoing:laser_lens10":1,"alltheores:raw_osmium":2,"exnihilosequentia:stone_barrel":1,"minecraft:white_wool":9,"exnihilosequentia:basalt_pebble":126,"minecraft:stripped_oak_log":2,"ae2:fluix_dust":6,"rftoolspower:coalgenerator":4,"mekanismgenerators:gas_burning_generator":1,"minecraft:red_mushroom":15,"ars_nouveau:wilden_wing":13,"minecraft:oak_log":176,"exnihilosequentia:iron_pieces":24,"minecraft:golden_boots":1,"botania:red_mushroom":3,"minecraft:paper":46,"tombstone:gift":1,"twilightforest:cracked_nagastone_stairs_left":1,"industrialforegoing:dryrubber":1,"exnihilosequentia:diamond_hammer":3,"pipez:basic_upgrade":2,"exnihilosequentia:aluminum_pieces":84,"minecraft:apple":36,"minecraft:stone_bricks":14,"mekanism:dust_refined_obsidian":1,"minecraft:stone_pickaxe":2,"twilightforest:cracked_nagastone_stairs_right":1,"twilightforest:nagastone_pillar":2,"twilightforest:triple_bow":2,"industrialforegoing:plastic":1,"minecraft:gravel":825,"exnihilosequentia:stone_hammer":4,"exnihilosequentia:birch_seeds":1,"twilightforest:cracked_nagastone_pillar":3,"exnihilosequentia:oak_barrel":6,"minecraft:leather_helmet":2,"forbidden_arcanus:arcane_crystal":1,"cookingforblockheads:sink":2,"minecraft:coal_ore":2,"immersiveengineering:seed":21,"minecraft:stone_axe":2,"minecraft:diamond_axe":1,"minecraft:painting":28,"minecraft:baked_potato":3,"twilightforest:spiral_bricks":2,"minecraft:melon_seeds":1,"thermal:amaranth_seeds":1,"exnihilosequentia:copper_pieces":60,"minecraft:ender_pearl":4,"ars_nouveau:caster_tome":4,"minecraft:wheat":6,"constructionwand:diamond_wand":8,"mekanism:alloy_atomic":2,"mekanism:electrolytic_separator":3,"minecraft:redstone_block":17,"industrialforegoing:plant_sower":1,"minecraft:potion":2,"forbidden_arcanus:mysterywood_sapling":1,"mekanism:enriched_redstone":1,"projecte:aeternalis_fuel":2,"spirit:broken_spawner":3,"minecraft:smooth_stone_slab":8,"minecraft:iron_leggings":2,"thermal:sulfur":210,"cobblefordays:tier_1":2,"minecraft:bucket":1,"reliquary:zombie_heart":2,"mekanism:purification_chamber":2,"exnihilosequentia:emerald_mesh":1,"minecraft:red_dye":1,"minecraft:white_tulip":2,"minecraft:cobblestone_slab":11,"alltheores:iron_ore_hammer":4,"twilightforest:canopy_stairs":1,"twilightforest:firefly_jar":2,"minecraft:iron_boots":2,"minecraft:furnace":16,"pipez:improved_upgrade":3,"minecraft:stick":159,"apotheosis:gem":3,"minecraft:torch":74,"exnihilosequentia:iron_hammer":9,"allthemodium:allthemodium_axe":1,"tombstone:grave_dust":25,"mekanism:energy_tablet":2,"thermal:flax_seeds":8,"exnihilosequentia:wooden_hammer":1,"pipez:wrench":1,"minecraft:cactus":35,"minecraft:rotten_flesh":94,"thermal:corn_seeds":1,"alltheores:osmium_dust":2,"exnihilosequentia:crushed_netherrack":90,"occultism:datura":3,"reliquary:mob_charm_fragment":1,"mekanism:enriched_diamond":1,"minecraft:obsidian":71,"twilightforest:ice_bow":1,"minecraft:blaze_powder":41,"minecraft:cobblestone":533,"occultism:datura_seeds":18,"minecraft:leather_chestplate":4,"exnihilosequentia:blackstone_pebble":104,"twilightforest:twilight_oak_log":464,"minecraft:golden_leggings":1,"exnihilosequentia:string_mesh":2,"minecraft:light_gray_dye":2,"twilightforest:mossy_nagastone_pillar":2,"minecraft:wither_skeleton_skull":1,"exnihilosequentia:tin_pieces":23,"minecraft:lapis_lazuli":42,"minecraft:dirt":40,"exnihilosequentia:netherite_mesh":1,"constructionwand:iron_wand":2,"immersiveengineering:hemp_fiber":3,"minecraft:leather_boots":1,"minecraft:glass":140,"exnihilosequentia:fired_crucible":2,"minecraft:bone":115,"minecraft:bow":4,"minecraft:wheat_seeds":98,"minecraft:orange_tulip":4,"industrialforegoing:laser_drill":1,"minecraft:raw_gold":28,"minecraft:mossy_stone_bricks":9,"minecraft:oak_planks":157,"minecraft:mossy_stone_brick_stairs":2,"exnihilosequentia:lead_pieces":118,"exmachinis:diamond_upgrade":3,"tconstruct:necrotic_bone":26,"thermal:flax":2,"minecraft:cooked_porkchop":3,"allthecompressed:sand_block_1x":687,"allthecompressed:gravel_block_1x":1939,"minecraft:sand":7,"minecraft:lily_of_the_valley":2,"mekanism:basic_control_circuit":20,"twilightforest:mossy_etched_nagastone":3,"mekanism:bio_fuel":5,"twilightforest:twilight_scepter":1,"minecraft:clay":1,"twilightforest:twilight_oak_sapling":79,"tombstone:familiar_stone":1,"minecraft:diamond":198,"minecraft:crossbow":1,"minecraft:bone_meal":210,"twilightforest:steeleaf_chestplate":1,"mekanism:advanced_control_circuit":9,"minecraft:emerald":2,"minecraft:oak_sapling":96,"minecraft:netherrack":245,"twilightforest:torchberries":4,"reliquary:withered_rib":2,"functionalstorage:oak_1":1,"minecraft:charcoal":96,"mekanism:clump_iron":8,"botania:white_mushroom":1,"twilightforest:ironwood_boots":1,"minecraft:ladder":4,"minecraft:turtle_helmet":4,"industrialforegoing:fluid_extractor":1,"minecraft:brown_mushroom":38,"thermal:cinnabar":72,"reliquary:mob_charm":1,"twilightforest:nagastone":4,"minecraft:shield":3,"minecraft:iron_axe":6,"exnihilosequentia:potato_seeds":1,"exnihilosequentia:dust":4352,"industrialforegoing:meat_bucket":2,"twilightforest:nagastone_head":3,"minecraft:oak_boat":1,"minecraft:player_head":2,"minecraft:raw_iron":21,"mekanism:dirty_dust_iron":4,"thermal:dynamo_magmatic":1,"twilightforest:canopy_fence":1,"twilightforest:knightmetal_axe":2,"twilightforest:nagastone_stairs_left":2,"exnihilosequentia:diorite_pebble":134,"thermal:green_bean":12,"mekanism:thermal_evaporation_block":5,"exnihilosequentia:nickel_pieces":14,"minecraft:arrow":39,"ae2:certus_quartz_dust":204,"twilightforest:etched_nagastone":4,"forbidden_arcanus:spawner_scrap":4,"minecraft:glow_ink_sac":16,"integrateddynamics:menril_leaves":1,"minecraft:leather":7,"ironchests:copper_chest":1,"minecraft:chainmail_chestplate":1,"minecraft:cobblestone_wall":1,"minecraft:gunpowder":71,"allthecompressed:cobblestone_block_2x":18,"twilightforest:twilight_oak_planks":6,"botania:yellow_mushroom":4,"mekanism:enrichment_chamber":4,"mekanism:enriched_refined_obsidian":1,"minecraft:red_carpet":1,"ae2:sky_dust":261,"rftoolsbase:dimensionalshard":82,"industrialforegoing:latex_processing_unit":1,"minecraft:iron_ingot":275,"industrialforegoing:tinydryrubber":4,"minecraft:cooked_chicken":7,"thermal:tomato_seeds":1,"minecraft:soul_sand":1,"minecraft:book":279,"mekanism:ingot_steel":3,"minecraft:oak_slab":1,"industrialforegoing:machine_frame_pity":1,"minecraft:dandelion":11,"minecraft:raw_iron_block":1,"mekanism:basic_chemical_tank":2,"minecraft:lava_bucket":1,"alltheores:raw_uranium":1,"thermal:green_bean_seeds":1,"minecraft:white_bed":4,"twilightforest:knightmetal_sword":1,"industrialforegoing:ore_laser_base":1,"minecraft:mossy_stone_brick_slab":1,"minecraft:spider_eye":4,"thermal:rice_seeds":1,"mekanismgenerators:wind_generator":1,"minecraft:pumpkin_seeds":2,"minecraft:chainmail_leggings":6,"minecraft:iron_helmet":1,"mekanism:fluorite_gem":91,"minecraft:mossy_cobblestone_stairs":1,"minecraft:terracotta":1,"tombstone:magic_scroll":1,"twilightforest:steeleaf_pickaxe":4,"minecraft:coal":67},"minecraft:killed_by":{"minecraft:piglin_brute":1,"twilightforest:lich_minion":1,"twilightforest:death_tome":1,"minecraft:zoglin":2,"ars_nouveau:wilden_hunter":4,"minecraft:zombie":13,"minecraft:wolf":1,"twilightforest:naga":2,"minecraft:zombified_piglin":3,"minecraft:wither_skeleton":12,"twilightforest:skeleton_druid":2,"minecraft:creeper":6,"minecraft:blaze":1,"minecraft:player":11,"ars_nouveau:wilden_stalker":1,"twilightforest:knight_phantom":1,"minecraft:skeleton":10},"minecraft:crafted":{"pipez:basic_upgrade":3,"pipez:wrench":1,"pipez:improved_upgrade":2,"mekanism:electrolytic_separator":3,"pipez:item_pipe":32,"thermal:machine_frame":1,"exnihilosequentia:stone_barrel":4,"mekanism:chemical_washer":1,"minecraft:glass":56,"mekanism:thermal_evaporation_controller":1,"alltheores:osmium_dust":12,"minecraft:melon_seeds":1,"allthecompressed:netherrack_block_1x":10,"mekanism:chemical_dissolution_chamber":1,"mekanism:rotary_condensentrator":1,"mekanism:energy_tablet":10,"projecte:dark_matter":1,"minecraft:blue_stained_glass":8,"minecraft:diamond_axe":1,"mekanism:chemical_injection_chamber":1,"minecraft:gravel":9787,"alltheores:raw_silver":27,"alltheores:raw_tin":16,"minecraft:clock":46,"minecraft:copper_ingot":44,"mekanism:advanced_thermodynamic_conductor":16,"minecraft:campfire":5,"allthecompressed:gravel_block_1x":92,"exnihilosequentia:wooden_hammer":1,"minecraft:stone_slab":6,"minecraft:iron_block":20,"minecraft:gold_ingot":151,"minecraft:light_gray_dye":2,"mekanism:osmium_compressor":2,"mysticalagriculture:infusion_crystal":2,"mekanism:thermal_evaporation_valve":2,"minecraft:stone_shovel":2,"minecraft:iron_nugget":36,"mekanism:basic_chemical_tank":13,"torcherino:compressed_torcherino":1,"minecraft:bone_meal":6,"alltheores:copper_gear":2,"minecraft:terracotta":16,"twilightforest:twilight_oak_planks":352,"minecraft:stone_pickaxe":1,"twilightforest:canopy_planks":16,"alltheores:steel_ingot":153,"minecraft:redstone_block":54,"minecraft:coal_block":99,"constructionwand:diamond_wand":1,"torcherino:torcherino":11,"alltheores:osmium_ingot":106,"mekanism:dynamic_tank":8,"mekanism:ultimate_control_circuit":6,"allthecompressed:cobblestone_block_1x":2152,"minecraft:red_carpet":3,"minecraft:orange_dye":1,"minecraft:cobblestone":419,"alltheores:tin_dust":32,"minecraft:wooden_axe":1,"allthecompressed:sand_block_1x":31,"exnihilosequentia:string_mesh":16,"minecraft:oak_planks":216,"minecraft:cobblestone_slab":30,"minecraft:barrel":2,"mekanismgenerators:gas_burning_generator":1,"mekanism:electrolytic_core":4,"alltheores:iron_ore_hammer":5,"minecraft:sand":2952,"minecraft:stone":69,"pipez:fluid_pipe":32,"alltheores:tin_ingot":32,"minecraft:iron_boots":1,"minecraft:raw_copper":108,"minecraft:chest":40,"thermal:machine_pulverizer":1,"mekanism:basic_fluid_tank":2,"projecte:aeternalis_fuel_block":2,"mekanism:elite_control_circuit":8,"minecraft:ender_eye":3,"alltheores:steel_dust":164,"minecraft:dropper":8,"rftoolspower:coalgenerator":1,"minecraft:oak_slab":60,"mekanism:chemical_infuser":3,"minecraft:crafting_table":2,"alltheores:diamond_dust":143,"projecte:mobius_fuel":72,"minecraft:wooden_pickaxe":1,"constructionwand:iron_wand":1,"minecraft:brown_dye":6,"minecraft:red_wool":14,"pipez:gas_pipe":32,"twilightforest:twilight_oak_slab":6,"mekanism:purification_chamber":2,"mekanism:thermal_evaporation_block":72,"minecraft:yellow_dye":10,"minecraft:diamond_pickaxe":2,"minecraft:charcoal":628,"exnihilosequentia:stone_hammer":2,"mekanism:steel_casing":16,"minecraft:shield":3,"mekanism:crusher":1,"minecraft:stick":152,"minecraft:iron_ingot":582,"mekanism:resistive_heater":1,"minecraft:redstone_torch":2,"alltheores:osmium_nugget":9,"croptopia:apple_sapling":2,"minecraft:redstone":207,"minecraft:raw_iron":252,"minecraft:coal":1197,"mekanismgenerators:wind_generator":4,"rftoolsbase:machine_frame":1,"alltheores:raw_osmium":95,"mekanism:pressurized_reaction_chamber":1,"mysticalagriculture:infusion_pedestal":8,"mekanism:personal_barrel":1,"minecraft:furnace":21,"alltheores:gold_dust":10,"minecraft:piston":1,"mekanism:chemical_oxidizer":1,"minecraft:glass_pane":16,"exnihilosequentia:oak_sieve":9,"mekanism:elite_thermodynamic_conductor":16,"projecte:aeternalis_fuel":27,"exnihilosequentia:flint_mesh":9,"minecraft:iron_axe":3,"exnihilosequentia:iron_hammer":1,"alltheores:tin_gear":1,"exnihilosequentia:wooden_crook":2,"sophisticatedbackpacks:iron_backpack":1,"minecraft:red_dye":15,"exnihilosequentia:oak_barrel":1,"mekanism:metallurgic_infuser":1,"pipez:energy_pipe":16,"mekanism:chemical_crystallizer":1,"minecraft:bucket":2,"minecraft:stone_axe":2,"minecraft:air":0,"minecraft:bread":277,"mekanism:basic_thermodynamic_conductor":16,"minecraft:blue_dye":4,"projecte:alchemical_coal":291,"minecraft:white_wool":48,"minecraft:gold_nugget":9,"mekanism:enrichment_chamber":4,"minecraft:raw_gold":173,"allthecompressed:cobblestone_block_2x":20,"mysticalagriculture:infusion_altar":1,"mekanism:advanced_control_circuit":16,"alltheores:iron_dust":190,"minecraft:andesite":6,"minecraft:torch":248,"cookingforblockheads:sink":1,"thermal:rf_coil":1,"minecraft:clay":16}},"DataVersion":2975}