{
  "apotheosis:affix/rare": {
    "criteria": {
      "sword": "2024-08-04 21:40:27 +0000"
    },
    "done": true
  },
  "croptopia:gather_tree_plains": {
    "criteria": {
      "apple_sapling": "2024-08-03 22:47:28 +0000"
    },
    "done": false
  },
  "twilightforest:alt/treasures/trophies": {
    "criteria": {
      "naga": "2024-08-04 21:17:17 +0000"
    },
    "done": true
  },
  "twilightforest:fiery_set": {
    "criteria": {
      "fiery_helmet": "2024-08-04 22:16:01 +0000",
      "fiery_sword": "2024-08-04 21:42:15 +0000"
    },
    "done": true
  },
  "naturescompass:natures_compass": {
    "criteria": {
      "has_compass": "2024-08-03 02:56:26 +0000"
    },
    "done": true
  },
  "mcwroofs:recipes/stone": {
    "criteria": {
      "has_planks": "2024-08-03 02:56:26 +0000"
    },
    "done": true
  },
  "mcwroofs:recipes/jungle": {
    "criteria": {
      "has_planks": "2024-08-03 02:56:26 +0000"
    },
    "done": true
  },
  "twilightforest:progress_naga": {
    "criteria": {
      "naga": "2024-08-04 21:17:17 +0000"
    },
    "done": true
  },
  "minecraft:nether/root": {
    "criteria": {
      "entered_nether": "2024-08-04 22:51:37 +0000"
    },
    "done": true
  },
  "mcwroofs:recipes/birch_planks": {
    "criteria": {
      "has_planks": "2024-08-03 02:56:26 +0000"
    },
    "done": true
  },
  "minecraft:story/shiny_gear": {
    "criteria": {
      "diamond_boots": "2024-08-07 03:29:15 +0000"
    },
    "done": true
  },
  "mcwroofs:recipes/oak": {
    "criteria": {
      "has_planks": "2024-08-03 02:56:26 +0000"
    },
    "done": true
  },
  "minecraft:nether/obtain_ancient_debris": {
    "criteria": {
      "ancient_debris": "2024-08-07 04:30:29 +0000"
    },
    "done": true
  },
  "apotheosis:give_book": {
    "criteria": {
      "tick": "2024-08-03 02:56:26 +0000"
    },
    "done": true
  },
  "mcwdoors:recipes/dark_oak": {
    "criteria": {
      "has_planks": "2024-08-03 02:56:26 +0000"
    },
    "done": true
  },
  "mcwfences:recipes/stone": {
    "criteria": {
      "has_stone": "2024-08-03 02:56:26 +0000"
    },
    "done": true
  },
  "mcwroofs:recipes/dark_oak": {
    "criteria": {
      "has_planks": "2024-08-03 02:56:26 +0000"
    },
    "done": true
  },
  "ae2:main/root": {
    "criteria": {
      "certus": "2024-08-03 06:48:00 +0000"
    },
    "done": true
  },
  "mcwdoors:recipes/spruce": {
    "criteria": {
      "has_planks": "2024-08-03 02:56:26 +0000"
    },
    "done": true
  },
  "tombstone:adventure/cancel_ghostly_shape": {
    "criteria": {
      "coded_trigger": "2024-08-03 07:27:20 +0000"
    },
    "done": true
  },
  "mcwroofs:recipes/spruce": {
    "criteria": {
      "has_planks": "2024-08-03 02:56:26 +0000"
    },
    "done": true
  },
  "mcwdoors:recipes/oak": {
    "criteria": {
      "has_planks": "2024-08-03 02:56:26 +0000"
    },
    "done": true
  },
  "apotheosis:affix/root": {
    "criteria": {
      "sword": "2024-08-03 07:19:09 +0000"
    },
    "done": true
  },
  "mcwfences:recipes/jungle": {
    "criteria": {
      "has_jungle": "2024-08-03 02:56:26 +0000"
    },
    "done": true
  },
  "tombstone:adventure/bone_crusher": {
    "criteria": {
      "coded_trigger": "2024-08-04 23:01:47 +0000"
    },
    "done": true
  },
  "tombstone:adventure/chain_death": {
    "criteria": {
      "coded_trigger": "2024-08-03 07:28:02 +0000"
    },
    "done": true
  },
  "mcwroofs:recipes/oak_planks": {
    "criteria": {
      "has_planks": "2024-08-03 02:56:26 +0000"
    },
    "done": true
  },
  "tombstone:adventure/find_grave_dust": {
    "criteria": {
      "from_undead": "2024-08-04 21:35:58 +0000"
    },
    "done": true
  },
  "mcwfences:recipes/spruce": {
    "criteria": {
      "has_spruce": "2024-08-03 02:56:26 +0000"
    },
    "done": true
  },
  "mcwfences:recipes/oak": {
    "criteria": {
      "has_oak": "2024-08-03 02:56:26 +0000"
    },
    "done": true
  },
  "mcwroofs:recipes/prismarine": {
    "criteria": {
      "has_planks": "2024-08-03 02:56:26 +0000"
    },
    "done": true
  },
  "mcwfences:recipes/hedge": {
    "criteria": {
      "has_birch": "2024-08-03 02:56:26 +0000"
    },
    "done": true
  },
  "mcwfences:recipes/end": {
    "criteria": {
      "has_end_brick": "2024-08-03 02:56:26 +0000"
    },
    "done": true
  },
  "minecraft:husbandry/balanced_diet": {
    "criteria": {
      "cooked_beef": "2024-08-03 03:56:11 +0000",
      "baked_potato": "2024-08-07 03:45:00 +0000",
      "apple": "2024-08-03 07:58:19 +0000",
      "bread": "2024-08-04 00:55:01 +0000",
      "melon_slice": "2024-08-04 00:38:20 +0000"
    },
    "done": false
  },
  "twilightforest:alt/biomes/general_biomes": {
    "criteria": {
      "has_dense": "2024-08-03 21:58:43 +0000"
    },
    "done": true
  },
  "tombstone:recipes/from_grave_key": {
    "criteria": {
      "has_ingredient": "2024-08-03 05:02:41 +0000"
    },
    "done": true
  },
  "mcwdoors:recipes/jungle": {
    "criteria": {
      "has_planks": "2024-08-03 02:56:26 +0000"
    },
    "done": true
  },
  "mcwroofs:recipes/jungle_planks": {
    "criteria": {
      "has_planks": "2024-08-03 02:56:26 +0000"
    },
    "done": true
  },
  "mcwdoors:recipes/acacia": {
    "criteria": {
      "has_planks": "2024-08-03 02:56:26 +0000"
    },
    "done": true
  },
  "twilightforest:alt/treasures/charms": {
    "criteria": {
      "has_keeping": "2024-08-07 05:01:18 +0000"
    },
    "done": true
  },
  "corail_woodcutter:recipes/from_transformation_planks": {
    "criteria": {
      "has_ingredient": "2024-08-03 02:56:26 +0000"
    },
    "done": true
  },
  "twilightforest:alt/treasures/twilight_scepter": {
    "criteria": {
      "has_item": "2024-08-04 22:44:58 +0000"
    },
    "done": true
  },
  "twilightforest:alt/entities/naga": {
    "criteria": {
      "hurt_by_indirect": "2024-08-04 21:14:26 +0000"
    },
    "done": true
  },
  "naturescompass:natures_compass_sapling": {
    "criteria": {
      "has_recipe": "2024-08-03 02:56:26 +0000"
    },
    "done": true
  },
  "twilightforest:arborist": {
    "criteria": {
      "twilight_oak_planks": "2024-08-04 21:28:37 +0000",
      "twilight_oak_log": "2024-08-04 21:18:12 +0000",
      "twilight_oak_sapling": "2024-08-04 21:14:14 +0000",
      "canopy_planks": "2024-08-07 04:45:40 +0000",
      "canopy_log": "2024-08-04 21:33:09 +0000",
      "canopy_sapling": "2024-08-03 22:05:29 +0000"
    },
    "done": false
  },
  "tombstone:adventure/first_grave": {
    "criteria": {
      "coded_trigger": "2024-08-03 05:02:39 +0000"
    },
    "done": true
  },
  "integrateddynamics:root": {
    "criteria": {
      "criteria_0": "2024-08-08 03:52:31 +0000"
    },
    "done": true
  },
  "twilightforest:alt/biomes/dense_twilight_forest": {
    "criteria": {
      "in_biome": "2024-08-03 21:58:43 +0000"
    },
    "done": true
  },
  "mcwroofs:recipes/crimson_planks": {
    "criteria": {
      "has_planks": "2024-08-03 02:56:26 +0000"
    },
    "done": true
  },
  "corail_woodcutter:recipes/from_canopy_planks": {
    "criteria": {
      "has_ingredient": "2024-08-03 02:56:26 +0000"
    },
    "done": true
  },
  "projecte:philosophers_stone": {
    "criteria": {
      "philosophers_stone": "2024-08-03 07:22:04 +0000"
    },
    "done": true
  },
  "twilightforest:alt/treasures/triple_bow": {
    "criteria": {
      "has_item": "2024-08-04 22:19:27 +0000"
    },
    "done": true
  },
  "occultism:occultism/root": {
    "criteria": {
      "occultism_present": "2024-08-03 02:56:26 +0000"
    },
    "done": true
  },
  "corail_woodcutter:recipes/from_dark_planks": {
    "criteria": {
      "has_ingredient": "2024-08-03 02:56:26 +0000"
    },
    "done": true
  },
  "corail_woodcutter:recipes/from_twilight_oak_planks": {
    "criteria": {
      "has_ingredient": "2024-08-03 02:56:26 +0000"
    },
    "done": true
  },
  "twilightforest:alt/treasures/scepters": {
    "criteria": {
      "has_twilight": "2024-08-04 22:44:58 +0000"
    },
    "done": true
  },
  "minecraft:nether/get_wither_skull": {
    "criteria": {
      "wither_skull": "2024-08-05 00:56:17 +0000"
    },
    "done": true
  },
  "minecraft:husbandry/bred_all_animals": {
    "criteria": {
      "minecraft:cow": "2024-08-04 23:38:34 +0000"
    },
    "done": false
  },
  "twilightforest:alt/biomes/twilight_forest": {
    "criteria": {
      "in_biome": "2024-08-07 07:25:23 +0000"
    },
    "done": true
  },
  "minecraft:story/obtain_armor": {
    "criteria": {
      "iron_helmet": "2024-08-03 07:19:09 +0000"
    },
    "done": true
  },
  "twilightforest:alt/biomes/oak_savannah": {
    "criteria": {
      "in_biome": "2024-08-04 22:31:18 +0000"
    },
    "done": true
  },
  "minecraft:story/mine_stone": {
    "criteria": {
      "get_stone": "2024-08-03 03:57:14 +0000"
    },
    "done": true
  },
  "mcwroofs:recipes/acacia": {
    "criteria": {
      "has_planks": "2024-08-03 02:56:26 +0000"
    },
    "done": true
  },
  "ae2:main/fluix": {
    "criteria": {
      "certus": "2024-08-03 07:02:45 +0000"
    },
    "done": true
  },
  "twilightforest:alt/entities/animals": {
    "criteria": {
      "has_raven": "2024-08-04 21:33:46 +0000"
    },
    "done": true
  },
  "exmachinis:diamond_upgrade": {
    "criteria": {
      "has_diamond_upgrade": "2024-08-04 23:56:54 +0000"
    },
    "done": true
  },
  "twilightforest:progress_trophy_pedestal": {
    "criteria": {
      "kill_lich": "2024-08-04 21:57:10 +0000"
    },
    "done": false
  },
  "apotheosis:affix/epic": {
    "criteria": {
      "sword": "2024-08-04 22:32:22 +0000"
    },
    "done": true
  },
  "tombstone:adventure/strong_or_careful": {
    "criteria": {
      "coded_trigger": "2024-08-03 05:02:39 +0000"
    },
    "done": true
  },
  "minecraft:adventure/sleep_in_bed": {
    "criteria": {
      "slept_in_bed": "2024-08-03 06:50:21 +0000"
    },
    "done": true
  },
  "minecraft:story/lava_bucket": {
    "criteria": {
      "lava_bucket": "2024-08-03 05:20:28 +0000"
    },
    "done": true
  },
  "minecraft:husbandry/root": {
    "criteria": {
      "consumed_item": "2024-08-03 03:56:11 +0000"
    },
    "done": true
  },
  "mcwfences:recipes/nether": {
    "criteria": {
      "has_nether_brick": "2024-08-03 02:56:26 +0000"
    },
    "done": true
  },
  "mcwroofs:recipes/acacia_planks": {
    "criteria": {
      "has_planks": "2024-08-03 02:56:26 +0000"
    },
    "done": true
  },
  "apotheosis:affix/chests": {
    "criteria": {
      "sword": "2024-08-04 21:40:27 +0000"
    },
    "done": true
  },
  "tconstruct:world/slime_collector": {
    "criteria": {
      "magma_cream": "2024-08-04 23:05:48 +0000"
    },
    "done": false
  },
  "mcwfences:recipes/crimson": {
    "criteria": {
      "has_crimson": "2024-08-03 02:56:26 +0000"
    },
    "done": true
  },
  "minecraft:adventure/root": {
    "criteria": {
      "killed_something": "2024-08-03 04:17:58 +0000"
    },
    "done": true
  },
  "croptopia:gather_food": {
    "criteria": {
      "cucumber_salad": "2024-08-03 04:13:02 +0000",
      "scrambled_eggs": "2024-08-03 05:16:18 +0000",
      "glowing_calamari": "2024-08-03 10:09:24 +0000"
    },
    "done": false
  },
  "mcwfences:recipes/bamboo": {
    "criteria": {
      "has_bamboo": "2024-08-03 02:56:26 +0000"
    },
    "done": true
  },
  "mcwfences:recipes/prismarine": {
    "criteria": {
      "has_qq": "2024-08-03 02:56:26 +0000"
    },
    "done": true
  },
  "apotheosis:affix/random": {
    "criteria": {
      "sword": "2024-08-03 07:19:09 +0000"
    },
    "done": true
  },
  "apotheosis:affix/uncommon": {
    "criteria": {
      "sword": "2024-08-03 21:31:48 +0000"
    },
    "done": true
  },
  "twilightforest:alt/treasures/ironwood_tool_set": {
    "criteria": {
      "has_axe": "2024-08-04 21:42:03 +0000"
    },
    "done": true
  },
  "farmersdelight:main/root": {
    "criteria": {
      "seeds": "2024-08-03 02:56:26 +0000"
    },
    "done": true
  },
  "minecraft:adventure/kill_all_mobs": {
    "criteria": {
      "minecraft:blaze": "2024-08-04 22:52:23 +0000",
      "minecraft:skeleton": "2024-08-04 21:21:57 +0000",
      "minecraft:magma_cube": "2024-08-04 22:52:07 +0000",
      "minecraft:spider": "2024-08-04 21:05:08 +0000",
      "minecraft:creeper": "2024-08-04 21:22:24 +0000",
      "minecraft:wither_skeleton": "2024-08-04 22:52:11 +0000",
      "minecraft:silverfish": "2024-08-04 22:31:55 +0000",
      "minecraft:zombie": "2024-08-04 21:47:28 +0000"
    },
    "done": false
  },
  "mcwfences:recipes/quartz": {
    "criteria": {
      "has_qq": "2024-08-03 02:56:26 +0000"
    },
    "done": true
  },
  "minecraft:story/enter_the_nether": {
    "criteria": {
      "entered_nether": "2024-08-04 22:51:37 +0000"
    },
    "done": true
  },
  "mcwdoors:recipes/metal": {
    "criteria": {
      "has_planks": "2024-08-03 02:56:26 +0000"
    },
    "done": true
  },
  "minecraft:adventure/trade": {
    "criteria": {
      "traded": "2024-08-03 07:11:55 +0000"
    },
    "done": true
  },
  "twilightforest:alt/entities/death_tome": {
    "criteria": {
      "hurt": "2024-08-04 21:42:00 +0000"
    },
    "done": true
  },
  "projecte:dark_matter": {
    "criteria": {
      "dm": "2024-08-07 07:41:26 +0000"
    },
    "done": true
  },
  "twilightforest:alt/treasures/knightmetal_armor_set": {
    "criteria": {
      "has_helmet": "2024-08-04 22:23:12 +0000"
    },
    "done": true
  },
  "twilightforest:alt/treasures/naga_armor_set": {
    "criteria": {
      "has_scale": "2024-08-04 21:17:27 +0000"
    },
    "done": true
  },
  "mcwroofs:recipes/granite": {
    "criteria": {
      "has_planks": "2024-08-03 02:56:26 +0000"
    },
    "done": true
  },
  "mcwroofs:recipes/warped_planks": {
    "criteria": {
      "has_planks": "2024-08-03 02:56:26 +0000"
    },
    "done": true
  },
  "twilightforest:root": {
    "criteria": {
      "make_portal": "2024-08-03 21:58:16 +0000"
    },
    "done": true
  },
  "twilightforest:alt/treasures/ironwood_armor_set": {
    "criteria": {
      "has_chestplate": "2024-08-04 21:40:27 +0000"
    },
    "done": true
  },
  "create:root": {
    "criteria": {
      "0": "2024-08-03 02:56:26 +0000"
    },
    "done": true
  },
  "naturescompass:natures_compass_log": {
    "criteria": {
      "has_recipe": "2024-08-03 02:56:26 +0000"
    },
    "done": true
  },
  "tombstone:adventure/first_knowledge": {
    "criteria": {
      "coded_trigger": "2024-08-03 05:02:39 +0000"
    },
    "done": true
  },
  "minecraft:story/mine_diamond": {
    "criteria": {
      "diamond": "2024-08-03 06:04:37 +0000"
    },
    "done": true
  },
  "minecraft:story/upgrade_tools": {
    "criteria": {
      "stone_pickaxe": "2024-08-04 21:07:21 +0000"
    },
    "done": true
  },
  "twilightforest:twilight_hunter": {
    "criteria": {
      "naga": "2024-08-04 21:17:17 +0000"
    },
    "done": true
  },
  "mcwroofs:recipes/red_sandstone": {
    "criteria": {
      "has_planks": "2024-08-03 02:56:26 +0000"
    },
    "done": true
  },
  "mcwroofs:recipes/diorite": {
    "criteria": {
      "has_planks": "2024-08-03 02:56:26 +0000"
    },
    "done": true
  },
  "twilightforest:alt/entities/raven": {
    "criteria": {
      "hurt": "2024-08-04 21:33:46 +0000"
    },
    "done": true
  },
  "mcwroofs:recipes/sandstone": {
    "criteria": {
      "has_planks": "2024-08-03 02:56:26 +0000"
    },
    "done": true
  },
  "minecraft:husbandry/tame_an_animal": {
    "criteria": {
      "tamed_animal": "2024-08-04 21:00:30 +0000"
    },
    "done": true
  },
  "twilightforest:alt/major_landmarks/naga_courtyard": {
    "criteria": {
      "found_structure": "2024-08-03 22:25:18 +0000"
    },
    "done": true
  },
  "modonomicon:modonomicon/root": {
    "criteria": {
      "modonomicon_present": "2024-08-03 02:56:26 +0000"
    },
    "done": true
  },
  "farmersdelight:main/plant_all_crops": {
    "criteria": {
      "brown_mushroom": "2024-08-04 21:31:59 +0000",
      "wheat": "2024-08-04 00:39:36 +0000"
    },
    "done": false
  },
  "mcwfences:recipes/deepslate": {
    "criteria": {
      "has_deepslate": "2024-08-03 02:56:26 +0000"
    },
    "done": true
  },
  "mcwroofs:recipes/terracotta": {
    "criteria": {
      "has_planks": "2024-08-03 02:56:26 +0000"
    },
    "done": true
  },
  "farmersdelight:main/use_cutting_board": {
    "criteria": {
      "cutting_board": "2024-08-03 04:15:13 +0000"
    },
    "done": true
  },
  "tombstone:adventure/ashes_and_bones": {
    "criteria": {
      "coded_trigger": "2024-08-04 21:41:03 +0000"
    },
    "done": true
  },
  "create:copper": {
    "criteria": {
      "0": "2024-08-03 06:16:27 +0000"
    },
    "done": true
  },
  "twilightforest:alt/compat/ie_shaders": {
    "criteria": {
      "ie_masterwork": "2024-08-03 02:56:26 +0000",
      "ie_uncommon": "2024-08-03 02:56:26 +0000",
      "tf_masterwork": "2024-08-03 02:56:26 +0000",
      "tf_uncommon": "2024-08-03 02:56:26 +0000",
      "tf_common": "2024-08-03 02:56:26 +0000",
      "ie_rare": "2024-08-03 02:56:26 +0000",
      "ie_shader": "2024-08-03 02:56:26 +0000",
      "ie_common": "2024-08-03 02:56:26 +0000",
      "ie_twilight": "2024-08-03 02:56:26 +0000",
      "tf_epic": "2024-08-03 02:56:26 +0000",
      "ie_epic": "2024-08-03 02:56:26 +0000",
      "tf_twilight": "2024-08-03 02:56:26 +0000",
      "tf_shader": "2024-08-03 02:56:26 +0000",
      "tf_rare": "2024-08-03 02:56:26 +0000"
    },
    "done": true
  },
  "croptopia:gather_tree_all": {
    "criteria": {
      "apple_sapling": "2024-08-03 22:47:28 +0000"
    },
    "done": false
  },
  "twilightforest:alt/entities/undead": {
    "criteria": {
      "has_druid": "2024-08-03 22:02:17 +0000"
    },
    "done": true
  },
  "corail_woodcutter:recipes/from_sorting_planks": {
    "criteria": {
      "has_ingredient": "2024-08-03 02:56:26 +0000"
    },
    "done": true
  },
  "mcwfences:recipes/sandstone": {
    "criteria": {
      "has_sand": "2024-08-03 02:56:26 +0000"
    },
    "done": true
  },
  "mcwroofs:recipes/gutters": {
    "criteria": {
      "has_planks": "2024-08-03 02:56:26 +0000"
    },
    "done": true
  },
  "minecraft:nether/find_fortress": {
    "criteria": {
      "fortress": "2024-08-04 22:52:02 +0000"
    },
    "done": true
  },
  "projecte:root": {
    "criteria": {
      "philstone_recipe": "2024-08-03 06:48:00 +0000"
    },
    "done": true
  },
  "mcwroofs:recipes/cobblestone": {
    "criteria": {
      "has_planks": "2024-08-03 02:56:26 +0000"
    },
    "done": true
  },
  "apotheosis:affix/boss": {
    "criteria": {
      "sword": "2024-08-04 23:10:06 +0000"
    },
    "done": true
  },
  "mcwfences:recipes/warped": {
    "criteria": {
      "has_warped": "2024-08-03 02:56:26 +0000"
    },
    "done": true
  },
  "twilightforest:alt/entities/lich": {
    "criteria": {
      "hurt": "2024-08-04 21:54:13 +0000"
    },
    "done": true
  },
  "minecraft:story/deflect_arrow": {
    "criteria": {
      "deflected_projectile": "2024-08-04 21:22:52 +0000"
    },
    "done": true
  },
  "exmachinis:flux_sieve": {
    "criteria": {
      "has_flux_sieve": "2024-08-03 08:10:11 +0000"
    },
    "done": true
  },
  "mcwroofs:recipes/warped": {
    "criteria": {
      "has_planks": "2024-08-03 02:56:26 +0000"
    },
    "done": true
  },
  "tombstone:adventure/root": {
    "criteria": {
      "auto": "2024-08-03 02:53:21 +0000"
    },
    "done": true
  },
  "corail_woodcutter:recipes/from_mining_planks": {
    "criteria": {
      "has_ingredient": "2024-08-03 02:56:26 +0000"
    },
    "done": true
  },
  "mcwfences:recipes/birch": {
    "criteria": {
      "has_birch": "2024-08-03 02:56:26 +0000"
    },
    "done": true
  },
  "twilightforest:alt/entities/skeleton_druid": {
    "criteria": {
      "hurt_by_indirect": "2024-08-03 22:02:17 +0000"
    },
    "done": true
  },
  "corail_woodcutter:recipes/from_mangrove_planks": {
    "criteria": {
      "has_ingredient": "2024-08-03 02:56:26 +0000"
    },
    "done": true
  },
  "integrateddynamics:meneglin_basics/squeezing": {
    "criteria": {
      "criteria_0": "2024-08-08 04:04:17 +0000"
    },
    "done": true
  },
  "apotheosis:affix/gem": {
    "criteria": {
      "gem": "2024-08-04 21:40:32 +0000"
    },
    "done": true
  },
  "twilightforest:alt/biomes/firefly_forest": {
    "criteria": {
      "in_biome": "2024-08-04 21:35:06 +0000"
    },
    "done": true
  },
  "mcwroofs:recipes/crimson": {
    "criteria": {
      "has_planks": "2024-08-03 02:56:26 +0000"
    },
    "done": true
  },
  "twilightforest:alt/treasures/knightmetal_tool_set": {
    "criteria": {
      "has_sword": "2024-08-04 21:50:18 +0000"
    },
    "done": true
  },
  "minecraft:story/root": {
    "criteria": {
      "crafting_table": "2024-08-03 03:57:40 +0000"
    },
    "done": true
  },
  "twilightforest:alt/treasures/fiery_tool_set": {
    "criteria": {
      "has_sword": "2024-08-04 21:42:15 +0000"
    },
    "done": true
  },
  "mcwroofs:recipes/dark_oak_planks": {
    "criteria": {
      "has_planks": "2024-08-03 02:56:26 +0000"
    },
    "done": true
  },
  "minecraft:story/form_obsidian": {
    "criteria": {
      "obsidian": "2024-08-03 21:44:47 +0000"
    },
    "done": true
  },
  "mcwroofs:recipes/birch": {
    "criteria": {
      "has_planks": "2024-08-03 02:56:26 +0000"
    },
    "done": true
  },
  "darkutils:adventure/pigpen": {
    "criteria": {
      "get_tome": "2024-08-03 08:11:09 +0000"
    },
    "done": true
  },
  "apotheosis:affix/mythic": {
    "criteria": {
      "sword": "2024-08-04 23:10:06 +0000"
    },
    "done": true
  },
  "twilightforest:alt/entities/kobold": {
    "criteria": {
      "hurt": "2024-08-04 22:17:31 +0000"
    },
    "done": true
  },
  "minecraft:adventure/kill_a_mob": {
    "criteria": {
      "minecraft:spider": "2024-08-04 21:05:08 +0000"
    },
    "done": true
  },
  "twilightforest:alt/major_landmarks/lich_tower": {
    "criteria": {
      "found_structure": "2024-08-04 21:35:42 +0000"
    },
    "done": true
  },
  "apotheosis:affix/common": {
    "criteria": {
      "sword": "2024-08-03 07:19:09 +0000"
    },
    "done": true
  },
  "twilightforest:alt/treasures/steeleaf_armor_set": {
    "criteria": {
      "has_chestplate": "2024-08-04 22:11:45 +0000"
    },
    "done": true
  },
  "tombstone:recipes/from_grave_dust": {
    "criteria": {
      "has_ingredient": "2024-08-04 21:35:59 +0000"
    },
    "done": true
  },
  "mcwfences:recipes/blackstone": {
    "criteria": {
      "has_blackstone": "2024-08-03 02:56:26 +0000"
    },
    "done": true
  },
  "minecraft:nether/obtain_blaze_rod": {
    "criteria": {
      "blaze_rod": "2024-08-04 22:52:24 +0000"
    },
    "done": true
  },
  "twilightforest:alt/treasures/armors": {
    "criteria": {
      "has_naga": "2024-08-04 21:17:27 +0000"
    },
    "done": true
  },
  "minecraft:adventure/adventuring_time": {
    "criteria": {
      "minecraft:mushroom_fields": "2024-08-04 21:21:07 +0000",
      "minecraft:river": "2024-08-03 07:25:50 +0000",
      "minecraft:forest": "2024-08-03 07:34:01 +0000",
      "minecraft:desert": "2024-08-03 03:08:24 +0000",
      "minecraft:savanna": "2024-08-03 03:07:32 +0000",
      "minecraft:plains": "2024-08-03 02:53:21 +0000"
    },
    "done": false
  },
  "mcwdoors:recipes/warped": {
    "criteria": {
      "has_planks": "2024-08-03 02:56:26 +0000"
    },
    "done": true
  },
  "twilightforest:progress_labyrinth": {
    "criteria": {
      "kill_lich": "2024-08-04 21:57:10 +0000"
    },
    "done": false
  },
  "croptopia:getsapling": {
    "criteria": {
      "has_sapling": "2024-08-03 22:47:28 +0000"
    },
    "done": true
  },
  "squirtgun:grant_book_on_first_join": {
    "criteria": {
      "tick": "2024-08-03 02:56:26 +0000"
    },
    "done": true
  },
  "ae2:main/quartz_crystal": {
    "criteria": {
      "certus": "2024-08-04 22:14:33 +0000"
    },
    "done": true
  },
  "twilightforest:alt/treasures/fiery_armor_set": {
    "criteria": {
      "has_helmet": "2024-08-04 22:16:01 +0000"
    },
    "done": true
  },
  "corail_woodcutter:recipes/from_time_planks": {
    "criteria": {
      "has_ingredient": "2024-08-03 02:56:26 +0000"
    },
    "done": true
  },
  "mcwroofs:recipes/concrete": {
    "criteria": {
      "has_planks": "2024-08-03 02:56:26 +0000"
    },
    "done": true
  },
  "minecraft:husbandry/plant_seed": {
    "criteria": {
      "wheat": "2024-08-04 00:39:36 +0000"
    },
    "done": true
  },
  "ironfurnaces:coal": {
    "criteria": {
      "rainbowcoal": "2024-08-03 02:56:26 +0000"
    },
    "done": true
  },
  "minecraft:adventure/shoot_arrow": {
    "criteria": {
      "shot_arrow": "2024-08-04 21:50:14 +0000"
    },
    "done": true
  },
  "twilightforest:alt/treasures/steeleaf_tool_set": {
    "criteria": {
      "has_pick": "2024-08-04 22:20:17 +0000"
    },
    "done": true
  },
  "tombstone:adventure/funeral_theft": {
    "criteria": {
      "coded_trigger": "2024-08-04 21:07:21 +0000"
    },
    "done": true
  },
  "mcwfences:recipes/acacia": {
    "criteria": {
      "has_acacia": "2024-08-03 02:56:26 +0000"
    },
    "done": true
  },
  "mcwroofs:recipes/spruce_planks": {
    "criteria": {
      "has_planks": "2024-08-03 02:56:26 +0000"
    },
    "done": true
  },
  "twilightforest:alt/treasures/bows": {
    "criteria": {
      "has_triple": "2024-08-04 22:19:27 +0000"
    },
    "done": true
  },
  "exmachinis:root": {
    "criteria": {
      "tick": "2024-08-03 02:56:26 +0000"
    },
    "done": true
  },
  "mcwroofs:recipes/andesite": {
    "criteria": {
      "has_planks": "2024-08-03 02:56:26 +0000"
    },
    "done": true
  },
  "minecraft:husbandry/breed_an_animal": {
    "criteria": {
      "bred": "2024-08-04 23:38:34 +0000"
    },
    "done": true
  },
  "mcwroofs:recipes/bricks": {
    "criteria": {
      "has_planks": "2024-08-03 02:56:26 +0000"
    },
    "done": true
  },
  "twilightforest:progress_yeti": {
    "criteria": {
      "previous_progression": "2024-08-04 21:57:10 +0000"
    },
    "done": false
  },
  "mcwfences:recipes/dark_oak": {
    "criteria": {
      "has_dark_oak": "2024-08-03 02:56:26 +0000"
    },
    "done": true
  },
  "exmachinis:gold_upgrade": {
    "criteria": {
      "has_gold_upgrade": "2024-08-03 09:35:03 +0000"
    },
    "done": true
  },
  "integrateddynamics:meneglin_basics/meneglin_discovery": {
    "criteria": {
      "criteria_0": "2024-08-08 03:56:04 +0000"
    },
    "done": true
  },
  "farmersdelight:main/place_campfire": {
    "criteria": {
      "campfire": "2024-08-03 04:41:46 +0000"
    },
    "done": true
  },
  "minecraft:nether/explore_nether": {
    "criteria": {
      "minecraft:nether_wastes": "2024-08-04 22:51:38 +0000",
      "minecraft:soul_sand_valley": "2024-08-04 22:59:50 +0000",
      "minecraft:basalt_deltas": "2024-08-04 22:58:03 +0000"
    },
    "done": false
  },
  "twilightforest:alt/treasures/tools": {
    "criteria": {
      "has_ironwood": "2024-08-04 21:42:03 +0000"
    },
    "done": true
  },
  "mcwdoors:recipes/bamboo": {
    "criteria": {
      "has_planks": "2024-08-03 02:56:26 +0000"
    },
    "done": true
  },
  "mcwdoors:recipes/crimson": {
    "criteria": {
      "has_planks": "2024-08-03 02:56:26 +0000"
    },
    "done": true
  },
  "mcwroofs:recipes/awning": {
    "criteria": {
      "has_planks": "2024-08-03 02:56:26 +0000"
    },
    "done": true
  },
  "mcwroofs:recipes/thatch": {
    "criteria": {
      "has_planks": "2024-08-03 02:56:26 +0000"
    },
    "done": true
  },
  "twilightforest:progress_lich": {
    "criteria": {
      "kill_lich": "2024-08-04 21:57:10 +0000",
      "kill_naga": "2024-08-04 21:17:17 +0000"
    },
    "done": true
  },
  "mcwdoors:recipes/birch": {
    "criteria": {
      "has_planks": "2024-08-03 02:56:26 +0000"
    },
    "done": true
  },
  "twilightforest:alt/treasures/charm_of_keeping": {
    "criteria": {
      "has_charm1": "2024-08-07 05:01:17 +0000"
    },
    "done": true
  },
  "minecraft:story/smelt_iron": {
    "criteria": {
      "iron": "2024-08-03 05:16:06 +0000"
    },
    "done": true
  },
  "exmachinis:flux_hammer": {
    "criteria": {
      "has_flux_hammer": "2024-08-03 08:56:47 +0000"
    },
    "done": true
  },
  "corail_woodcutter:recipes/from_oak_planks": {
    "criteria": {
      "has_ingredient": "2024-08-03 03:56:25 +0000"
    },
    "done": true
  },
  "DataVersion": 2975
}